x,y,dem,aspect,slope,slope_main,drainage,hillshade,twi,dist_river,soil_type,landuse,label
366655.443814559,3096791.8904585238,1546.8097,82.371506,32.204803,32.204803,8.0,75.86113,6.729151,64.89664,3.0,135.0,0
355832.1829598237,3106104.578828813,3272.1118,41.1514,34.576603,34.576603,1.0,132.57985,11.793517,119.66348,4.0,135.0,1
362672.87953172956,3099284.472842355,1995.6552,193.46887,16.915712,16.915712,5.0,207.07872,8.5408125,145.11328,3.0,135.0,1
361377.41054044483,3092949.626817671,2722.1675,144.69878,35.565166,35.565166,6.0,113.44852,6.2762055,586.94696,3.0,0.0,0
395301.6270487685,3079026.038705636,2381.8528,124.92669,28.34494,28.34494,6.0,48.752533,9.38508,1120.2896,4.0,5897.0,1
367485.1705474719,3081578.2159800376,2296.1306,78.45329,34.646496,34.646496,2.0,216.10925,10.539141,663.0899,2.0,0.0,0
381350.04740159295,3108969.501639905,3359.2324,153.67064,32.338367,32.338367,4.0,128.6426,11.514771,312.5836,4.0,135.0,1
391865.4757294903,3077144.4102910473,1685.6663,115.209656,41.3449,41.3449,7.0,57.386215,7.33075,778.7596,3.0,5676.0,0
371920.7627404527,3094400.319886113,3324.559,233.85844,32.38743,32.38743,2.0,237.97952,8.146756,930.5372,4.0,0.0,0
379103.7681056323,3062826.6093428163,1395.0769,105.18182,22.544641,22.544641,6.0,105.61483,9.009262,1482.4302,1.0,0.0,0
396909.11446433514,3077009.0274971463,2384.328,116.22487,38.613888,38.613888,7.0,50.156784,8.67164,583.34814,3.0,5897.0,1
359661.4148606406,3115238.7576390463,5186.429,142.03941,47.68935,47.68935,5.0,56.845375,7.1908965,1005.7931,5.0,135.0,0
353890.7880823416,3084622.0128226397,1566.5249,233.5748,16.825846,16.825846,4.0,232.71843,9.274003,817.8006,1.0,0.0,0
362074.28393350705,3096031.0381823443,2687.982,105.77919,47.44831,47.44831,7.0,13.890559,8.518997,183.5554,4.0,0.0,0
358639.0138571248,3069967.199405468,899.1302,120.54204,4.734518,4.734518,7.0,175.10806,2.9254084,29.022657,1.0,4782.0,0
389493.8646526117,3091901.299505748,3181.2107,111.4488,29.438744,29.438744,6.0,25.574139,5.8929334,743.3427,4.0,5897.0,0
393748.685671388,3061204.73805962,2039.9084,194.61365,6.071979,6.071979,4.0,189.5972,16.35964,29.022657,3.0,0.0,0
379701.8308213382,3061869.340902098,1321.196,159.77281,23.477402,23.477402,4.0,167.30666,4.268002,754.5891,1.0,0.0,0
388751.8292004579,3071387.4826710965,855.4741,108.67701,25.712442,25.712442,7.0,87.50401,7.159623,226.67421,2.0,7108.0,1
402430.9493908151,3081474.736870352,3154.0942,164.82802,36.051537,36.051537,4.0,168.01901,5.5575457,145.11328,4.0,5897.0,1
379599.9861690474,3083926.9129000776,1632.4873,184.5952,25.304218,25.304218,4.0,205.9633,11.197595,0.0,3.0,0.0,0
371222.18466274004,3083096.006127235,2794.8672,102.86798,40.865635,40.865635,7.0,30.691488,11.120715,583.34814,4.0,0.0,0
355512.4913620361,3108630.733177356,4350.485,118.86988,42.056995,42.056995,6.0,36.807007,6.840854,1234.0603,6.0,135.0,1
389341.72661458387,3093621.05970122,3350.3997,87.48975,39.007023,39.007023,8.0,38.110073,5.4234858,211.28813,4.0,5897.0,0
354785.93976237514,3109805.450528974,4824.459,24.909456,48.384487,48.384487,1.0,157.32721,5.5983815,1601.2513,6.0,135.0,0
367623.9982298713,3104583.435683626,2680.4888,97.556694,45.145363,45.145363,7.0,7.143851,7.5060678,205.22118,4.0,135.0,0
352249.425427041,3095725.6559022465,3307.8716,38.32811,12.984013,12.984013,7.0,171.50732,8.2417555,285.84003,4.0,135.0,0
397519.7275666948,3079134.3255700665,3103.4685,171.37396,17.08105,17.08105,4.0,186.73367,5.128298,1716.2676,4.0,5897.0,0
363875.41733874625,3105866.3960348004,3917.9092,112.78165,54.839573,54.839573,7.0,1.0,7.0667567,1692.2972,6.0,135.0,1
394030.82853089017,3100587.5693546683,4386.1147,121.63172,26.43098,26.43098,6.0,98.25259,7.4073114,725.5664,6.0,5897.0,0
386916.87237644265,3071564.069880039,1152.8914,124.49938,36.062035,36.062035,6.0,57.63282,5.410015,932.79736,2.0,0.0,0
385942.7653190453,3081294.6114376555,2496.9888,103.445244,22.421864,22.421864,7.0,105.67262,9.593195,467.9763,4.0,0.0,0
398060.2995016167,3097413.275399149,2681.3528,83.42799,35.232258,35.232258,7.0,89.74092,6.9592566,145.11328,0.0,5897.0,1
360379.52143073495,3101416.0877777343,2876.7524,84.20293,45.156406,45.156406,7.0,15.675584,5.8659697,1248.3118,4.0,135.0,1
368424.6708760237,3090565.3004759285,1781.5488,105.75196,26.149096,26.149096,7.0,85.68815,7.866274,586.94696,3.0,0.0,1
369549.22316037235,3112129.7626737845,4710.5986,121.420876,38.726414,38.726414,6.0,57.310764,7.3308535,1097.1179,6.0,135.0,0
360721.20116307196,3094116.663327108,2665.3667,171.68112,31.734217,31.734217,5.0,180.07164,7.8463087,545.2862,3.0,0.0,1
379543.7359850347,3096450.203983805,2362.452,95.66344,41.553143,41.553143,7.0,24.916058,13.336174,389.3798,4.0,135.0,1
375571.09028618765,3111154.7465747707,3954.054,94.15841,29.768238,29.768238,7.0,61.027218,6.1186404,156.2918,6.0,135.0,1
377368.80893666565,3088099.552818353,1716.4033,135.7107,47.619904,47.619904,5.0,53.796757,9.141949,259.58655,3.0,0.0,1
363213.28561100183,3112534.6827320876,4915.5137,173.1852,29.77244,29.77244,5.0,187.56596,4.809471,2170.6929,6.0,135.0,0
362783.0675819674,3101254.5156199974,2676.7417,179.66905,32.768906,32.768906,4.0,197.33301,9.198294,991.8787,4.0,135.0,0
384098.4865219124,3111620.5323131955,4997.1753,65.02616,57.47133,57.47133,8.0,30.696896,9.097125,909.0163,6.0,135.0,0
354111.0597934324,3086010.101535043,1409.8362,166.17982,32.963875,32.963875,5.0,168.80057,4.749152,349.47906,2.0,0.0,1
352052.83231984044,3096009.112854014,3179.6265,32.22318,35.82858,35.82858,1.0,148.80856,5.5618486,637.17786,4.0,135.0,0
351906.3840970096,3075431.552831764,1403.3126,27.9325,18.247492,18.247492,1.0,194.52307,15.018563,29.022657,1.0,0.0,0
393136.0150851106,3088382.958816391,1961.102,163.9979,44.63724,44.63724,5.0,142.14134,7.0000277,209.28535,3.0,5897.0,1
393958.6799604404,3075047.247860789,1746.5374,121.3137,38.639053,38.639053,6.0,57.0941,7.5205917,1366.8408,3.0,5897.0,1
371463.0958417979,3083299.4625385185,2660.7935,79.54064,41.108875,41.108875,8.0,39.72581,10.918229,291.67407,4.0,0.0,0
403457.87558542285,3070582.3944675536,3004.5144,182.1453,47.58859,47.58859,4.0,195.13364,8.119777,183.5554,4.0,5897.0,1
369118.6259599197,3074300.2475052127,1144.6357,102.70607,23.119307,23.119307,7.0,77.95829,5.9895763,338.4594,1.0,0.0,0
356363.0944426279,3108910.7961378754,4089.0261,67.63959,35.688625,35.688625,8.0,80.28402,7.368235,667.5211,6.0,135.0,1
361259.78325407166,3109049.8857942186,3913.44,99.61622,35.20814,35.20814,7.0,71.16664,8.954895,501.00873,5.0,135.0,0
390299.1682755476,3101884.5294545074,4546.814,118.990875,44.018127,44.018127,6.0,34.00386,12.629591,2230.2168,6.0,5897.0,0
397933.6573997326,3088911.5734636127,2518.9346,2.0845723,29.247677,29.247677,2.0,217.73834,7.737335,1209.587,3.0,5897.0,0
375700.36443836725,3082629.727238335,1500.7026,116.283,60.859486,60.859486,5.0,1.0,8.518667,501.00873,3.0,0.0,1
382174.3480886512,3109454.6406676862,3929.368,114.62617,50.79237,50.79237,7.0,1.7942921,9.069593,670.04004,6.0,135.0,1
349402.6308325837,3109198.808172124,4967.882,167.88852,38.92122,38.92122,5.0,164.15068,6.8228655,3921.497,6.0,135.0,0
360414.34374535165,3098619.221750411,2911.1487,124.96845,34.573467,34.573467,6.0,83.922676,13.81888,2085.7983,4.0,135.0,0
372378.5893645051,3100111.10937747,2961.3838,121.4736,54.621788,54.621788,6.0,1.0,8.519669,313.92804,4.0,135.0,1
350787.6780209081,3108493.7967897286,4947.7197,154.09074,57.093155,57.093155,6.0,79.96155,9.029493,2772.3855,6.0,135.0,0
357734.49824607465,3110964.6595199862,3939.9458,114.86057,56.61237,56.61237,7.0,1.0,10.181444,233.98814,6.0,135.0,1
377125.82818128826,3092806.662661839,2841.8794,91.40744,45.20206,45.20206,7.0,14.90643,7.677441,925.5453,4.0,0.0,1
355599.9679798795,3105291.675982101,3348.0308,65.6466,3.2141345,3.2141345,8.0,157.23965,11.437386,781.4589,4.0,135.0,1
353879.99753106566,3100786.6389789563,3127.1294,109.83115,51.000282,51.000282,7.0,1.1730111,9.72785,501.00873,4.0,135.0,0
365186.7939946917,3103919.865370821,2841.3787,36.7095,51.11193,51.11193,1.0,108.97833,7.9999976,1826.5839,4.0,135.0,1
372037.26691992936,3087376.102128147,3082.0745,200.84488,63.00025,63.00025,4.0,229.86903,9.20116,620.43353,4.0,0.0,0
388174.99293392815,3076883.9976813435,1500.586,14.92533,35.958694,35.958694,2.0,193.64919,6.581013,878.385,3.0,0.0,0
361942.3362118899,3083578.077219579,1011.1603,92.42106,22.224728,22.224728,7.0,102.384964,9.963681,211.28813,1.0,0.0,0
355495.3738140175,3105945.4064327604,3708.172,56.435287,51.12611,51.12611,1.0,39.606728,7.683691,415.54123,6.0,135.0,1
404020.05850000144,3070457.3900854504,3014.1255,149.0247,64.251015,64.251015,5.0,48.656754,4.857533,147.98709,4.0,5897.0,1
395712.76204920484,3097976.1451796712,3418.2222,140.0531,34.874924,34.874924,5.0,91.82655,13.608194,923.7233,4.0,5897.0,0
368835.32849989354,3098283.928269967,2359.1187,100.57973,54.82367,54.82367,6.0,1.0,5.5677342,513.46326,3.0,135.0,1
381407.6279661638,3110708.869925808,3893.541,122.272224,66.60181,66.60181,6.0,1.0,8.15409,2020.9857,6.0,135.0,1
369512.4226618952,3105132.5785314864,3427.3308,113.24857,44.064697,44.064697,6.0,24.144388,12.063223,308.51508,4.0,135.0,1
400167.2490851556,3075504.561284219,1810.946,159.0569,47.85276,47.85276,5.0,135.08763,8.2357,156.2918,3.0,5897.0,1
394293.96408944455,3089225.698357451,1608.928,16.376936,13.795247,13.795247,1.0,191.4927,5.7029986,574.6193,3.0,5897.0,0
355516.8403772115,3104027.418824076,2908.4558,124.30776,38.50136,38.50136,6.0,57.39836,9.267347,519.1731,4.0,135.0,1
404116.16752890236,3070480.93035678,3147.8381,139.29762,59.820095,59.820095,6.0,18.8061,8.77196,164.17694,4.0,5897.0,1
357796.3883788131,3111303.185947923,4352.2583,69.01493,47.416595,47.416595,8.0,32.5987,9.544991,313.92804,6.0,135.0,1
370696.7407457065,3068187.678495344,1050.455,136.55676,39.10654,39.10654,6.0,84.461784,6.0319195,232.18126,2.0,0.0,0
363923.5151731882,3075197.415016828,1562.4242,61.182755,19.894623,19.894623,8.0,136.50645,7.8011546,1101.3324,1.0,0.0,0
366169.6400527281,3084700.2138332315,1511.8804,133.92964,44.9739,44.9739,6.0,58.881725,7.004633,324.4832,2.0,0.0,1
370548.31092696474,3066890.682210543,1345.308,118.91494,7.7940946,7.7940946,6.0,144.55618,3.9220102,959.50507,1.0,3850.0,0
379210.81274417706,3104075.0240581217,3130.2056,145.87424,23.487692,23.487692,4.0,115.64792,10.952214,1128.9031,4.0,135.0,1
380620.61665733054,3067310.7667376488,1095.5808,217.54253,41.474373,41.474373,3.0,252.2054,8.836095,986.7703,2.0,0.0,0
362365.99832456466,3101356.2190841916,2560.8154,147.24147,37.754,37.754,5.0,114.56436,11.940117,657.98914,3.0,135.0,1
379954.7042102712,3069390.257425359,933.84467,168.90137,25.377544,25.377544,5.0,180.82205,11.557136,377.29456,2.0,0.0,0
394031.9718048623,3077317.706735345,1659.4656,106.3918,26.32088,26.32088,6.0,69.38539,5.8260393,203.1586,3.0,5897.0,1
389750.49698026356,3078555.156198666,1398.7733,139.81296,32.09206,32.09206,5.0,108.01261,9.441304,580.4531,3.0,0.0,1
351263.62281706446,3079874.256886316,1565.7047,83.51793,23.094017,23.094017,1.0,104.78956,6.053628,1090.5724,1.0,0.0,0
388549.70887999015,3072314.4132382725,1347.862,101.21119,48.366566,48.366566,7.0,1.0,7.0448456,862.90564,2.0,0.0,1
397025.412157834,3085698.8423129604,2898.5408,5.2084575,41.162025,41.162025,2.0,211.72507,8.934766,696.54376,3.0,5897.0,0
374580.20644489955,3110908.0207488923,4257.846,22.134438,17.052576,17.052576,1.0,184.83777,5.266959,298.80655,6.0,135.0,0
397657.1881165368,3089583.7352131456,2317.948,6.196208,34.730595,34.730595,2.0,210.8785,9.173227,768.4156,3.0,5897.0,0
357625.1033192738,3110897.3434926462,3910.3528,122.35054,41.91999,41.91999,6.0,51.079136,9.848906,259.58655,6.0,135.0,1
368637.22256242315,3097155.941745943,1715.7144,15.746026,37.86174,37.86174,2.0,190.66394,8.543526,41.044235,3.0,135.0,0
356488.51750069245,3108561.8434583135,3752.2595,89.729324,38.131268,38.131268,7.0,43.239235,7.5099607,584.0697,6.0,135.0,1
380497.5358066628,3062670.6269397703,1537.9285,99.924255,20.40517,20.40517,6.0,116.055275,3.241675,1726.2993,1.0,0.0,0
393558.2023003231,3078724.1534969667,2392.18,100.53278,45.277313,45.277313,6.0,28.398308,7.0832067,845.1525,4.0,0.0,1
382638.23846379155,3096438.665446185,2059.9895,98.23508,17.231924,17.231924,6.0,85.25294,3.675727,363.65286,3.0,135.0,1
398588.15895305795,3077796.290283616,3016.651,137.11856,38.934757,38.934757,6.0,84.557396,5.6813893,1002.43774,4.0,5897.0,1
367876.3395604302,3071424.6141642323,927.1166,28.257866,35.18097,35.18097,1.0,160.15936,8.85758,82.08847,2.0,0.0,0
353826.3257746759,3089119.865293203,1563.8271,57.412758,22.36011,22.36011,8.0,136.19603,7.686297,451.48657,1.0,0.0,0
394179.9819262843,3090760.0059518255,2078.504,21.227865,19.727491,19.727491,1.0,187.42052,7.2431154,644.4076,3.0,5897.0,0
376934.4813999805,3100715.9161682897,3702.9658,86.54648,47.90507,47.90507,7.0,12.926912,7.437689,1861.0743,6.0,135.0,0
378493.3827653369,3104601.0023712297,3083.8462,177.3386,38.712696,38.712696,4.0,190.2746,6.263016,862.90564,4.0,135.0,1
362398.08323804097,3101358.905342566,2574.3738,153.23747,39.08763,39.08763,6.0,128.6938,6.8368015,680.02264,3.0,135.0,1
365457.0474634942,3100898.6526549854,2556.5176,85.35509,38.947487,38.947487,8.0,38.047573,5.63973,817.28546,4.0,135.0,1
357624.83635865874,3106616.97487535,3797.2766,160.53035,19.279564,19.279564,5.0,158.43695,7.5156183,739.9355,4.0,135.0,1
354095.21867966745,3097802.8039497933,2773.8354,95.375694,38.211487,38.211487,7.0,38.087944,8.410119,1104.3875,4.0,135.0,1
376496.8106154603,3109396.65820317,3497.505,78.22136,60.82401,60.82401,6.0,1.0,8.459972,156.2918,6.0,135.0,0
394969.4967241401,3091242.934704599,1928.399,161.77585,50.834225,50.834225,4.0,115.14365,11.514386,259.58655,3.0,5897.0,1
356305.59679024835,3108742.081544744,4057.597,75.840866,61.084457,61.084457,8.0,1.0,6.399003,701.9644,6.0,135.0,1
394947.13151652826,3073875.2156789466,1151.7518,146.62329,31.879026,31.879026,6.0,124.95146,8.123773,239.32697,3.0,5897.0,0
387336.76250526763,3107608.164381206,4977.1436,184.03284,32.2205,32.2205,5.0,207.90756,10.458946,1679.557,6.0,135.0,0
384322.7261499186,3086862.8658252223,2632.6233,48.417072,38.323612,38.323612,1.0,112.87428,7.063606,901.5729,4.0,0.0,0
392794.70661433245,3077286.3938671197,1663.7046,117.4622,45.08051,45.08051,6.0,21.927332,8.144597,467.9763,3.0,5692.0,1
360216.71910028707,3103183.160598025,3453.3489,132.56897,26.669273,26.669273,6.0,49.648705,7.026407,1861.527,4.0,135.0,1
356415.3799923794,3093959.71850389,1548.8638,130.71501,44.68349,44.68349,6.0,45.662594,8.697079,273.7992,3.0,0.0,1
370621.5966700361,3106529.9531030385,3964.039,134.3862,31.809875,31.809875,6.0,111.321945,8.7125635,1573.9274,6.0,135.0,1
366163.012956878,3102117.889505185,2284.6501,83.55751,54.732567,54.732567,7.0,1.1501045,5.351198,174.13594,3.0,135.0,0
371530.72809513996,3073480.4636207623,1299.2766,202.01161,16.647575,16.647575,4.0,215.29149,9.36711,1460.679,1.0,4495.0,0
365725.4417126507,3097433.128752953,2262.2742,170.93753,45.13905,45.13905,5.0,164.51543,7.0124836,966.5024,3.0,135.0,0
355498.89657432446,3106013.1833001366,3688.5193,52.406208,60.878433,60.878433,8.0,19.338142,5.825944,363.65286,6.0,135.0,1
362440.87384068844,3101452.0664773826,2672.6606,147.99281,41.515495,41.515495,5.0,106.247025,8.345444,711.49915,3.0,135.0,1
386715.93184785446,3091771.3515811567,2844.5342,132.82098,54.363167,54.363167,6.0,24.393885,7.081037,145.11328,4.0,5897.0,0
363264.59792741813,3073337.798857051,1176.394,199.04932,13.10158,13.10158,4.0,209.68678,8.645072,129.79327,1.0,0.0,0
352714.4802245638,3106603.9237353313,4350.152,131.9387,35.03528,35.03528,6.0,89.130325,9.1861,1621.3772,6.0,135.0,0
393527.40230453585,3089850.1156723704,2028.431,110.3206,31.66071,31.66071,7.0,55.42098,8.123235,1561.8396,3.0,5897.0,1
373766.30028180126,3088636.3152356204,3449.0305,91.78868,35.143658,35.143658,7.0,44.979095,7.1456156,679.40295,4.0,0.0,0
397761.3948210738,3082775.4637257946,2168.7385,76.02924,16.78392,16.78392,8.0,125.2249,6.119219,29.022657,3.0,5897.0,1
368382.4014273512,3099987.548219946,2785.755,156.54662,32.69636,32.69636,5.0,146.03084,7.319908,1490.3635,4.0,135.0,1
355596.90539703734,3105280.8439809433,3348.0308,65.6466,3.2141345,3.2141345,8.0,157.23965,11.437386,781.4589,4.0,135.0,1
391943.22365289775,3077608.630852056,1958.5562,170.97543,26.400091,26.400091,5.0,182.92229,5.5749283,431.45282,3.0,0.0,0
394117.55326388695,3096611.3811321054,3658.1758,14.761095,39.18429,39.18429,8.0,190.25386,5.379289,870.67975,4.0,5897.0,0
365002.4540582628,3105909.2234243094,3645.2908,137.56728,41.682194,41.682194,5.0,76.72848,11.782745,2822.5188,6.0,135.0,1
356376.72573279025,3108773.7877145745,4020.0774,101.851776,39.05765,39.05765,8.0,36.11654,5.201327,641.1314,6.0,135.0,1
368882.01733752846,3098261.4605523497,2270.2097,100.35003,63.27068,63.27068,7.0,1.0,8.878815,453.34842,3.0,135.0,1
367479.37411203125,3104859.986463436,2909.1133,74.24982,38.56995,38.56995,1.0,49.532673,7.2575374,377.29456,4.0,135.0,1
370673.5551566768,3108633.5493887407,4019.3093,201.47075,44.87185,44.87185,4.0,236.99878,7.219425,499.32468,6.0,135.0,0
373353.84329937585,3088402.1011982574,3582.5413,106.41796,32.291565,32.291565,7.0,84.321205,7.247787,756.8183,4.0,0.0,0
364162.9626870205,3080924.8339048005,1797.3077,34.468735,19.298502,19.298502,2.0,208.70972,10.031376,881.2571,1.0,3475.0,0
388091.1108285477,3061700.730250729,2190.8962,95.11124,13.01461,13.01461,8.0,137.84604,11.274897,2066.3235,2.0,0.0,0
372561.2988903149,3091981.0570266433,2406.2214,99.92977,44.329323,44.329323,7.0,19.937326,9.139449,205.22118,4.0,0.0,1
384063.7115421444,3104726.969259163,4472.835,131.01009,17.228798,17.228798,5.0,140.50946,4.839054,1183.8967,6.0,135.0,0
383660.7873041112,3109149.3322567483,3865.227,106.481606,54.217407,54.217407,7.0,1.0,7.379367,507.68915,6.0,135.0,1
350868.8417821121,3075352.1758943344,1904.8572,64.217285,17.131525,17.131525,7.0,119.98058,6.437081,129.79327,1.0,0.0,0
391284.6758918993,3093129.370635176,3230.9912,56.92545,22.306984,22.306984,8.0,134.78,7.8545957,982.0643,4.0,5897.0,0
393832.9423022775,3075046.133317248,1782.8588,101.79759,41.359188,41.359188,7.0,30.133896,7.99041,1379.1107,3.0,5897.0,1
350322.2941077835,3083872.790656637,1873.0746,87.29183,31.650715,31.650715,7.0,53.078285,9.265176,778.7596,2.0,0.0,1
395016.2966612007,3095713.616574965,3197.1633,123.592545,29.671347,29.671347,6.0,71.22573,4.996302,964.7578,4.0,5897.0,1
373729.9763159279,3060998.561217308,817.16907,80.675,13.766636,13.766636,7.0,145.46074,7.176874,1184.2524,1.0,0.0,0
401433.35935392184,3074263.717556385,2190.0017,145.04349,19.790386,19.790386,5.0,120.25744,6.4201126,267.57568,3.0,5897.0,1
363451.28346017975,3090069.3228434045,2104.6536,119.58211,28.606865,28.606865,6.0,36.944828,7.7992897,308.51508,3.0,0.0,1
353490.52578531107,3100240.3211537404,2842.3064,68.41375,35.411983,35.411983,7.0,47.48924,9.893372,82.08847,4.0,135.0,1
356244.91428585665,3108567.4037257014,3937.1611,90.33928,63.458694,63.458694,8.0,1.0,10.929875,825.9993,6.0,135.0,1
356816.6085565181,3112559.516615558,4710.628,35.308407,35.343323,35.343323,1.0,144.77916,7.83391,308.51508,6.0,135.0,0
351795.34287881583,3106283.7472605077,4169.827,170.03024,51.73516,51.73516,6.0,149.78154,4.448057,738.79626,6.0,135.0,1
377716.09458537574,3087704.041934221,1555.0605,150.2339,28.4317,28.4317,5.0,137.06696,11.216044,298.80655,3.0,0.0,1
357072.83454931487,3116089.8753518634,5303.042,142.96927,50.365757,50.365757,6.0,68.951416,10.131205,862.90564,5.0,135.0,0
364636.27218895475,3104017.898092727,3206.5833,85.912,44.19452,44.19452,8.0,7.088657,11.043648,2293.5247,4.0,135.0,1
403779.06183540437,3070554.3450813247,2979.8118,141.61488,66.32776,66.32776,6.0,14.431494,9.5223255,194.6899,4.0,5897.0,1
356819.16846406326,3110854.174805305,4012.3037,123.032906,35.150726,35.150726,6.0,72.27573,8.739759,349.47906,6.0,135.0,1
374831.1168975779,3100932.1019669897,3954.6162,155.94376,35.959656,35.959656,5.0,140.49846,6.5752196,595.4951,6.0,135.0,1
385185.6931105162,3099347.527425844,2924.9243,87.21367,38.508724,38.508724,8.0,65.404785,7.7862735,221.02998,4.0,135.0,1
394700.21126170224,3089554.4962269776,1566.082,98.60235,57.87142,57.87142,7.0,1.0,8.3071995,494.23804,3.0,5897.0,1
355890.6217376942,3106128.2534391386,3239.565,49.80986,16.680164,16.680164,1.0,151.84995,6.353495,64.89664,4.0,135.0,1
355277.10647777404,3106523.6601098888,3753.7476,27.872932,60.582836,60.582836,1.0,110.02245,8.129531,145.11328,6.0,135.0,1
377536.18952704826,3083914.8361067446,961.5724,75.13375,25.47783,25.47783,8.0,122.162056,10.157118,64.89664,3.0,2640.0,1
402716.72416673537,3074793.0554979118,3117.628,150.39296,44.57716,44.57716,5.0,108.28847,9.899341,1160.9062,4.0,5897.0,1
358315.8827573073,3098833.4815919916,2884.0906,136.30507,44.817593,44.817593,6.0,73.2438,7.3292947,2352.268,4.0,0.0,1
378010.0843988207,3093153.8961594757,3030.5156,112.39179,37.827618,37.827618,6.0,7.9145103,8.782364,1698.5074,4.0,0.0,1
394182.22600718087,3088102.558379962,1320.8851,154.6209,1.0,0.0,5.0,174.35242,8.49031,0.0,3.0,5897.0,1
381107.30212317087,3114909.9656632952,5296.4194,68.143005,19.01182,19.01182,7.0,119.60786,10.155247,2992.15,6.0,135.0,0
357287.0149201154,3092143.6615703455,1268.9901,45.533493,12.860796,12.860796,8.0,169.26205,8.622491,41.044235,3.0,0.0,0
383987.61573195254,3097538.5783355488,2372.3918,116.079765,48.500168,48.500168,6.0,13.332723,5.111604,291.67407,3.0,135.0,1
375980.87300764327,3096049.7908032206,3539.9268,70.1644,44.71171,44.71171,8.0,66.14421,8.457747,1308.9186,4.0,135.0,0
362725.7704515433,3103597.8307576724,2972.3213,179.4704,51.167892,51.167892,4.0,183.11249,7.193066,406.3172,4.0,135.0,1
376229.07193406817,3070674.0838539046,1442.2225,30.28747,17.008167,17.008167,1.0,174.66165,8.749636,809.51886,1.0,8118.0,0
386229.5833021273,3090098.807764114,3029.7773,66.25957,29.660076,29.660076,7.0,103.480736,5.0605083,1168.1394,4.0,5897.0,0
394909.83480587124,3086219.3178600664,2188.9553,174.36781,47.76411,47.76411,4.0,174.29485,8.416925,1279.9617,3.0,5897.0,1
364678.6508724965,3100392.479786009,2894.5898,96.80653,38.38638,38.38638,7.0,37.719498,8.032254,1509.1782,4.0,135.0,1
395550.3489818845,3078981.4940426527,2321.1807,132.60893,22.26035,22.26035,6.0,118.49331,14.348192,1169.9407,4.0,5897.0,1
387036.1979653883,3079750.2731123115,1792.5421,104.615685,48.34612,48.34612,7.0,4.107646,6.41702,1116.5239,3.0,8019.0,1
362410.1334252833,3101347.6007487336,2589.9236,155.53677,36.031487,36.031487,5.0,142.7291,5.097579,702.56415,3.0,135.0,1
376069.56298372557,3089507.218776107,2452.7444,100.95564,35.411983,35.411983,7.0,55.499954,9.370124,145.11328,3.0,0.0,1
387653.69823134213,3080024.8646642785,1586.3271,110.01936,34.748188,34.748188,7.0,49.006153,8.3811035,1131.8837,3.0,8019.0,0
383061.73759852257,3074553.0069252388,1814.825,229.50284,16.627987,16.627987,3.0,220.48848,8.255303,766.2201,1.0,0.0,0
387310.69054849667,3079786.892623816,1672.4479,100.83329,48.67083,48.67083,8.0,28.684963,6.611511,1196.6348,3.0,8019.0,1
392781.21879422537,3076733.3740078644,1194.3625,119.594505,35.84406,35.84406,6.0,47.523037,8.939671,64.89664,3.0,5692.0,1
389373.87249646394,3098298.226509444,4236.0796,223.35333,44.118458,44.118458,3.0,249.51823,9.822433,1999.1954,6.0,5897.0,0
387858.72911328793,3102829.8512098063,3737.2507,87.80162,35.03731,35.03731,7.0,58.237335,8.082515,349.47906,6.0,135.0,0
373112.28099527094,3083080.205349526,2203.0283,9.926569,25.393997,25.393997,1.0,202.75883,14.871978,58.045315,3.0,0.0,0
396744.1963049828,3098089.386288445,3596.4844,71.034134,59.932705,59.932705,7.0,10.577707,10.6981735,431.45282,0.0,5897.0,1
374028.53017756133,3070444.2303727055,1182.3516,175.686,22.269245,22.269245,4.0,193.19289,9.088253,923.7233,1.0,8095.0,0
377303.2750930507,3107421.037798444,3503.1086,164.8223,35.735413,35.735413,4.0,159.0996,9.074187,670.04004,4.0,135.0,1
358895.1132034982,3100660.710802887,3374.8577,151.15443,45.345947,45.345947,5.0,104.329,6.785664,2783.3018,4.0,135.0,1
351150.13208793534,3081094.8917003134,1781.6506,213.624,25.232403,25.232403,3.0,234.9557,9.731912,1076.9714,2.0,0.0,1
350735.2196505905,3084672.2080555866,2111.514,7.149251,29.068985,29.068985,2.0,209.34508,7.8162136,410.44235,2.0,0.0,0
397891.36085036816,3082778.826805399,2151.4983,208.98822,1.0,0.0,5.0,192.14261,8.084846,0.0,3.0,5897.0,1
385837.4203280864,3092736.8621681747,2959.6865,189.96158,26.237814,26.237814,4.0,212.9455,6.74129,927.3636,4.0,5897.0,0
386730.5027375107,3081271.5186480163,2122.2686,100.00543,34.874924,34.874924,7.0,64.284515,8.542439,308.51508,4.0,0.0,0
397120.35056361003,3070286.218655241,2698.2998,233.91841,34.902615,34.902615,2.0,246.30812,8.857817,679.40295,3.0,0.0,0
356601.86570751003,3106141.733671065,3057.37,91.315346,54.175426,54.175426,6.0,3.875985,7.4633555,104.64268,4.0,135.0,1
389393.6359211139,3069630.5323678064,1169.552,160.75685,22.795956,22.795956,5.0,170.48004,8.083575,595.4951,1.0,0.0,0
381414.1056408596,3109258.1144239204,3713.0513,116.76433,60.78996,60.78996,7.0,1.0,6.061484,609.4758,4.0,135.0,1
404962.806569622,3085100.6291484796,3931.9878,177.8633,23.301447,23.301447,5.0,196.96764,8.121984,1212.3691,6.0,5897.0,0
355574.66407867416,3102741.8390152976,2579.1802,96.02305,35.21518,35.21518,7.0,23.300816,6.9944096,233.98814,4.0,135.0,1
376634.9272634965,3095217.8372030673,3174.9417,88.98804,35.94429,35.94429,8.0,51.445972,5.0548053,415.54123,4.0,135.0,0
392747.23601969983,3077461.387998913,1788.0574,95.15838,13.692745,13.692745,7.0,126.399826,8.827391,648.9664,3.0,5692.0,1
393165.5569926438,3088476.9415461025,2069.735,144.68909,32.90493,32.90493,5.0,136.04095,4.9279222,308.51508,3.0,5897.0,1
382854.84708456375,3096478.5478470046,2002.8468,91.17981,38.163906,38.163906,7.0,35.63204,7.426391,267.57568,3.0,135.0,1
350860.5504737511,3078843.5270648645,1352.389,128.55884,19.553137,19.553137,6.0,125.17168,9.298373,232.18126,1.0,0.0,0
385557.0404749795,3058356.794614451,1652.851,246.85805,22.011515,22.011515,2.0,221.31909,12.239292,87.06797,1.0,0.0,0
379077.1367377741,3102172.0432278584,2550.725,21.534382,35.455616,35.455616,2.0,177.1368,8.300537,560.5206,4.0,135.0,0
392620.6320752506,3086461.405581414,1452.1342,132.03415,38.091843,38.091843,7.0,64.201195,10.182342,486.50836,3.0,5897.0,1
355529.3713119296,3111334.9879808784,4270.5137,68.05028,42.17473,42.17473,8.0,55.355213,8.20476,164.17694,6.0,135.0,0
361402.5444525674,3097345.2002090802,2410.1582,199.85382,18.948261,18.948261,2.0,225.83635,9.04847,1028.5656,3.0,0.0,0
387872.2659898273,3059903.2944140406,1706.6449,122.88674,3.5883522,3.5883522,7.0,174.15388,9.669252,652.20306,2.0,0.0,0
372020.90901002946,3093343.6689585,3189.6216,120.79809,57.872738,57.872738,6.0,1.1674733,6.050364,982.0643,4.0,0.0,1
376266.1802905088,3088474.637651504,1965.0436,74.99178,57.10188,57.10188,8.0,8.728639,8.316744,328.35388,3.0,0.0,1
386361.04685941304,3101026.4526643194,3540.5737,144.86761,50.540443,50.540443,6.0,66.03016,8.001579,554.47705,6.0,135.0,1
382623.4873951485,3067615.365471711,1061.8448,26.293928,28.475664,28.475664,2.0,210.05402,8.325276,156.2918,2.0,0.0,0
356250.75930307095,3108853.039180733,4145.26,47.673656,48.548386,48.548386,1.0,79.66318,6.2074804,754.5891,6.0,135.0,1
391621.16462282033,3070522.2442366537,1234.7029,139.66096,26.601543,26.601543,6.0,123.75243,9.000039,431.45282,1.0,0.0,0
367344.7200644392,3107632.7935883463,3581.297,65.93646,45.50687,45.50687,8.0,47.54228,4.355695,1231.327,4.0,135.0,1
392545.7460565751,3077013.5597892264,1562.1874,120.64967,28.678806,28.678806,7.0,80.49626,7.5845647,428.5144,3.0,5692.0,1
375863.916343984,3086658.7197781885,1897.0458,107.424,37.800266,37.800266,6.0,39.535324,9.716944,739.9355,3.0,3461.0,0
385270.34158100537,3115884.1040882,5091.72,96.971405,19.553137,19.553137,8.0,116.31549,8.286773,3226.2178,0.0,135.0,0
390056.9236159207,3086302.0438259924,2088.4133,91.53975,47.25373,47.25373,7.0,1.5232433,9.870523,349.47906,3.0,5897.0,1
370508.2335582725,3072857.8786035986,1143.9896,153.26132,16.966797,16.966797,6.0,162.87292,5.6044345,677.5408,1.0,0.0,1
366642.9698294179,3100671.342948569,2129.5112,203.82423,35.31238,35.31238,3.0,238.30447,6.7972174,298.80655,3.0,135.0,0
400442.1878193881,3070212.586232786,2047.307,231.62802,38.786797,38.786797,3.0,250.1778,6.090936,727.8845,3.0,0.0,0
392782.8684027643,3083263.6760373563,1778.3951,20.394518,22.200188,22.200188,8.0,182.68231,12.41376,846.1486,3.0,5897.0,1
388413.5168549909,3080299.760444186,1428.8474,107.48012,36.06108,36.06108,6.0,53.652966,5.647487,783.61176,3.0,0.0,1
364409.7308010629,3105413.5519512407,3425.6265,83.34719,32.64351,32.64351,7.0,68.88441,9.172825,2243.9602,6.0,135.0,1
378993.2825886145,3103663.2454551053,2787.2039,123.13313,28.768295,28.768295,6.0,87.86223,7.3550997,677.5408,4.0,135.0,1
359065.46850017755,3086001.9923982136,1789.3672,217.10272,20.329687,20.329687,4.0,228.53581,6.6408563,859.48236,1.0,0.0,0
380515.5729652705,3085380.5354693024,1871.8341,242.837,26.496002,26.496002,2.0,229.07066,5.871305,267.57568,3.0,0.0,0
355205.0789210194,3103109.364165075,2867.9465,134.9158,37.72996,37.72996,6.0,80.83222,11.313036,595.4951,4.0,135.0,1
392841.4185066659,3093862.089781669,3142.632,156.26616,32.845776,32.845776,5.0,155.94576,4.783392,587.664,4.0,5897.0,0
378163.05749930354,3104320.0744078048,2720.1233,168.5969,32.38743,32.38743,5.0,171.6253,7.048144,435.33987,4.0,135.0,1
400484.96274816885,3080655.208031363,2816.0623,119.786606,8.575912,8.575912,3.0,197.94302,14.912584,0.0,4.0,5897.0,0
355781.08446318057,3100004.7348797508,2091.6975,81.24239,51.174953,51.174953,8.0,23.43279,7.178523,91.7777,3.0,135.0,1
399036.87300714897,3085268.6924539846,3389.165,217.67395,13.8644495,13.8644495,3.0,222.69983,6.1551676,759.59564,4.0,5897.0,0
392131.34219100117,3081870.666601889,1741.6058,80.4995,44.177654,44.177654,7.0,20.754759,9.742493,116.09063,3.0,5897.0,0
377577.0631836956,3106054.514219729,2718.467,116.07239,37.734257,37.734257,6.0,60.512527,14.514789,246.2654,4.0,135.0,1
373051.36484743375,3101302.0468494794,3305.6716,105.39363,45.476063,45.476063,7.0,9.206459,4.1745377,82.08847,4.0,135.0,1
365875.67126875516,3098947.9547857945,2349.0762,24.961948,38.03126,38.03126,1.0,166.77715,8.493674,857.0288,3.0,135.0,0
374392.8660492048,3109949.9552423684,4687.7417,29.879793,31.9307,31.9307,1.0,162.15591,8.692195,1246.6237,6.0,135.0,0
367063.9122381929,3082589.955371424,1871.8315,74.979576,32.94656,32.94656,8.0,71.531845,4.90813,513.46326,1.0,0.0,1
369684.16012467386,3071985.66374813,924.31335,192.4613,38.198982,38.198982,4.0,221.5191,9.738894,116.09063,2.0,0.0,0
364424.0303225584,3105489.9746891716,3477.6152,109.90163,22.785208,22.785208,7.0,46.79752,13.404646,2237.758,6.0,135.0,1
373569.54568146955,3073841.4464860284,1279.3672,84.386734,29.127308,29.127308,8.0,81.176994,9.308594,371.67136,1.0,8120.0,0
402655.58536697493,3070653.8393262667,2698.4187,208.16357,22.81958,22.81958,3.0,229.71149,10.657269,147.98709,3.0,5897.0,1
382007.8468566273,3117209.0587239508,5449.7007,157.5366,1.4386119,1.4386119,5.0,176.67508,12.098032,4451.739,6.0,135.0,0
379098.00790751446,3103866.9009336643,2972.5823,126.83773,56.743736,56.743736,6.0,16.222748,8.357715,902.97314,4.0,135.0,1
392540.4044132014,3077105.3177271625,1611.7064,132.34894,29.208614,29.208614,6.0,75.41987,6.4338436,506.85892,3.0,5692.0,1
360589.6425732131,3101720.6203046534,2944.7249,86.36423,50.30688,50.30688,7.0,1.0,9.920048,1101.3324,4.0,135.0,1
386660.86457273515,3072581.497261068,1657.1296,152.85117,51.03704,51.03704,5.0,122.31562,7.862404,1555.6252,2.0,0.0,0
360340.68959759444,3103442.5977953607,3603.8726,109.15216,50.994827,50.994827,7.0,4.6558266,11.797211,1865.8206,6.0,135.0,1
351447.5647799528,3102968.9628179637,4187.301,52.104565,25.810688,25.810688,8.0,134.84726,8.051297,1580.3363,6.0,135.0,0
350076.64552725054,3080156.425783154,1701.041,146.73836,44.993053,44.993053,5.0,94.77008,6.9624553,677.5408,1.0,0.0,1
380238.3112024711,3093363.5836312445,1851.1549,52.966835,42.302406,42.302406,8.0,85.06459,10.797423,881.2571,3.0,0.0,1
365138.7109201152,3100515.3750068457,2658.2285,133.71136,44.27354,44.27354,6.0,77.11418,8.634004,1051.2454,4.0,135.0,1
349621.2292379662,3076713.235176871,1851.5222,55.773186,19.2226,19.2226,8.0,136.91515,10.564581,587.664,1.0,0.0,0
392619.28156217304,3076995.171656924,1476.6044,95.39393,57.022896,57.022896,7.0,9.34953,9.600235,363.65286,3.0,5692.0,1
375564.1646360798,3092885.611302068,3109.9011,110.38792,51.68749,51.68749,6.0,4.0402336,5.5314555,116.09063,4.0,0.0,1
392535.25067942875,3077078.222391276,1591.9369,127.91587,35.24731,35.24731,6.0,82.520996,7.621645,480.4105,3.0,5692.0,1
385571.6246684819,3105067.903131649,4782.0205,215.67996,36.076336,36.076336,4.0,244.33525,5.1664,2285.4307,6.0,135.0,0
370983.83607314277,3077099.7040074845,1553.647,222.09628,20.075302,20.075302,3.0,232.78696,5.71287,1110.8514,1.0,3198.0,0
365708.69078509125,3102888.313197197,2637.8665,56.27042,38.465317,38.465317,8.0,95.01867,10.358023,781.4589,4.0,135.0,0
383602.4842790154,3081705.2143757166,2245.8628,147.44185,19.37132,19.37132,6.0,154.92006,8.675949,1341.6505,3.0,0.0,0
359218.42174812785,3088696.88868493,1842.1002,171.8684,32.91072,32.91072,5.0,180.8293,6.240483,394.75082,2.0,0.0,0
364621.8944905542,3104345.226059658,3264.2505,80.097755,40.950405,40.950405,7.0,34.763073,15.008194,2380.035,4.0,135.0,1
388387.97246916825,3080418.370859639,1521.6398,129.5908,44.433613,44.433613,6.0,50.09329,8.55899,667.5211,3.0,0.0,1
356182.44239045004,3108442.6098081684,3889.0498,94.4285,41.477074,41.477074,6.0,5.9304886,7.03868,922.3545,6.0,135.0,1
394003.7451876383,3089950.0230879043,2090.3618,126.171364,57.486996,57.486996,6.0,1.0,7.5239778,1175.328,3.0,5897.0,1
368985.2224449276,3102714.1429230208,3174.6511,198.05623,32.08841,32.08841,3.0,229.39342,11.682383,1498.2551,4.0,135.0,0
372099.4244060874,3103684.751231014,4226.634,151.00168,13.795247,13.795247,5.0,175.92984,5.7029986,2427.6892,6.0,135.0,0
352977.7707901645,3083924.5198408356,1773.7461,108.41278,19.499895,19.499895,6.0,84.27273,7.0095725,1054.8448,1.0,0.0,0
396340.1329060446,3084246.673003007,2404.597,151.73451,48.292557,48.292557,5.0,96.23325,6.574308,339.70148,3.0,5897.0,1
354803.97865999327,3089789.0394101194,1531.2252,167.55296,26.058134,26.058134,5.0,177.65648,8.649611,597.6131,1.0,0.0,0
390169.13907153194,3079209.905913654,1733.1206,214.94199,42.04725,42.04725,3.0,251.26093,9.104053,957.7477,3.0,0.0,0
396665.1709589492,3074418.7000768045,1355.6342,95.112045,47.320553,47.320553,8.0,1.8955194,10.295272,82.08847,3.0,5897.0,1
369746.7175069244,3082910.5558097917,2519.767,183.8026,29.244787,29.244787,4.0,204.84325,7.050394,532.78516,3.0,0.0,0
385552.637083604,3115382.9768053773,5043.36,140.04636,7.608857,7.608857,7.0,164.97485,5.3504333,2762.646,6.0,135.0,0
384638.28830094176,3110256.314713696,4169.3535,102.84323,44.056755,44.056755,7.0,12.136547,9.3317795,752.91284,6.0,135.0,1
376323.56823489,3106297.4224420385,3040.3298,60.552856,48.376575,48.376575,8.0,44.84729,7.5712137,403.19562,4.0,135.0,1
374084.50728799426,3089419.8327664733,3561.103,141.40437,7.123699,7.123699,3.0,194.47371,6.625653,739.9355,4.0,0.0,0
355518.93285796494,3111095.9432428884,4299.218,50.71312,19.102526,19.102526,8.0,135.65514,8.088938,303.00543,6.0,135.0,1
371411.37745381787,3074159.017377682,1299.2775,151.0995,38.57484,38.57484,5.0,118.38963,7.2476034,1571.5172,2.0,0.0,0
356180.62120515027,3108948.412784108,4229.65,42.327415,41.474373,41.474373,8.0,130.785,9.346921,831.08246,6.0,135.0,1
354109.87159046164,3097276.3610855807,2429.457,115.76672,38.21232,38.21232,6.0,61.063152,11.420435,586.94696,3.0,135.0,1
378693.7349729864,3068355.22058974,1026.0671,51.91469,26.023016,26.023016,8.0,122.72233,7.911094,973.0167,1.0,0.0,0
362868.06797244493,3105710.9635667605,3605.0427,182.80939,51.179325,51.179325,4.0,203.36847,7.862641,696.54376,4.0,135.0,0
365159.9474464686,3099897.696799349,2529.811,46.452736,29.061684,29.061684,1.0,126.46643,10.82655,1026.1058,4.0,135.0,0
393883.49037913105,3075239.0302165593,1873.1976,144.2795,32.220497,32.220497,6.0,127.459656,6.697754,1548.0262,3.0,0.0,1
370989.3470805347,3100136.447364208,3016.9077,97.6994,48.13567,48.13567,7.0,3.1663275,7.365645,820.8847,4.0,135.0,1
375499.8171185743,3066386.5205232287,1510.5636,172.54208,4.645871,4.645871,5.0,198.86203,4.0272994,394.75082,1.0,0.0,0
393598.5613978236,3071142.9516524007,2134.0593,201.31589,20.238605,20.238605,3.0,209.16545,5.0420637,2311.0857,1.0,0.0,0
369878.06679246505,3100335.8732077293,2475.4873,89.87078,41.84114,41.84114,7.0,40.199562,7.67842,87.06797,4.0,135.0,1
356565.41508015565,3075541.408312384,916.8893,131.01439,32.947716,32.947716,6.0,85.42556,4.5912166,87.06797,2.0,0.0,1
394555.96205587476,3075178.4405526402,1776.3987,122.95675,39.096302,39.096302,6.0,58.28,5.688407,1451.4231,3.0,5897.0,1
352403.1042078787,3104177.6141609102,3334.0195,71.345116,25.223173,25.223173,8.0,109.108536,11.701485,41.044235,6.0,135.0,1
382744.34064181347,3103447.985789472,3693.7031,162.58328,39.224194,39.224194,5.0,149.2857,7.289054,1015.793,4.0,135.0,0
368526.0362843049,3098278.9286761093,2427.0085,128.66623,42.28387,42.28387,5.0,46.452545,7.7274623,702.56415,3.0,135.0,0
367999.0558415402,3102452.8274336522,2821.2373,219.11162,37.75486,37.75486,3.0,250.91316,11.008278,910.8677,4.0,135.0,0
362755.81329355633,3070095.435020091,749.82007,140.31369,23.4774,23.4774,6.0,123.849846,4.2680244,156.2918,7.0,0.0,0
354327.25414912036,3109289.5852820426,4479.5776,138.80539,28.558731,28.558731,6.0,113.88135,10.961742,1336.3035,6.0,135.0,0
364371.1186590302,3105555.6447600983,3541.932,113.87449,44.60341,44.60341,6.0,35.39456,8.457052,2177.4731,6.0,135.0,1
368514.7037243213,3090826.267237562,1894.4856,117.266785,13.795247,13.795247,6.0,139.81023,7.089293,584.0697,3.0,39.0,0
354738.6316420923,3085481.55688031,1119.5641,105.305374,10.779313,10.779313,8.0,135.54967,5.220602,41.044235,2.0,0.0,1
370594.7805369139,3091864.1270864075,2389.2385,119.93089,13.243657,13.243657,6.0,98.722015,6.954036,688.02673,4.0,0.0,1
381430.98489996674,3109040.415444277,3430.9062,140.65836,37.772865,37.772865,5.0,92.86282,12.924839,377.29456,4.0,135.0,1
396354.93965526554,3091132.8261953513,1465.0336,87.89421,13.230814,13.230814,8.0,135.75653,6.9804125,64.89664,3.0,5897.0,0
398565.4483412394,3077808.277763831,3016.651,137.11856,38.934757,38.934757,6.0,84.557396,5.6813893,1002.43774,4.0,5897.0,1
385721.47195576335,3070975.3750964277,899.667,103.73781,31.912262,31.912262,8.0,27.33374,9.988479,464.36252,2.0,0.0,1
358747.8045974317,3083848.707733566,1420.7241,218.72055,22.045374,22.045374,3.0,231.76233,11.441494,285.84003,2.0,0.0,0
364123.45801507594,3103326.7400182663,3520.492,56.232353,26.05287,26.05287,8.0,117.80822,9.296539,1810.837,4.0,135.0,0
368045.759985239,3108365.859421828,3778.6958,90.412895,22.830307,22.830307,7.0,117.9658,6.62838,501.00873,6.0,135.0,1
386369.8062472904,3079618.470056367,1938.0197,110.123886,38.252277,38.252277,7.0,57.166782,7.9113817,1087.8658,4.0,8039.0,1
382609.2877170479,3108575.3399652564,3466.2244,149.41917,23.15926,23.15926,6.0,153.09108,7.8286133,29.022657,4.0,135.0,0
397990.3800273136,3097405.1919418518,2706.7961,64.9847,35.919292,35.919292,8.0,89.33747,5.878659,129.79327,0.0,5897.0,1
355218.9009571881,3104500.8836546396,3424.8928,135.46716,50.847,50.847,6.0,42.47894,8.947422,954.66455,4.0,135.0,1
366211.07580512104,3068095.739886729,803.2091,106.97718,16.23342,16.23342,7.0,130.08862,8.890568,1329.0349,7.0,0.0,0
360509.9846943937,3105397.700372488,3966.9563,80.220474,37.772865,37.772865,7.0,76.92225,10.034468,1407.8232,5.0,135.0,1
394730.48868260736,3091239.520742924,1738.8251,152.3891,25.486917,25.486917,5.0,144.48378,9.522746,41.044235,3.0,5897.0,1
402760.72763739806,3071510.8001685767,2913.6802,181.54376,50.42687,50.42687,4.0,191.47522,8.55133,947.5797,4.0,5897.0,1
367839.95622985077,3099714.599081961,2392.137,145.40648,38.531612,38.531612,5.0,106.188644,9.732806,1195.2262,3.0,135.0,1
381144.8650369379,3093107.0189234577,1441.1442,150.6768,6.841563,6.841563,6.0,186.512,8.816043,29.022657,3.0,5897.0,0
397497.94742496446,3087510.088882786,2660.1973,166.97012,38.639053,38.639053,4.0,166.2806,11.006947,422.57626,3.0,5897.0,1
361338.9290915803,3102774.3992557996,2728.5828,98.912735,35.11132,35.11132,7.0,58.46902,8.603107,698.9581,4.0,135.0,1
398076.56527485244,3073247.3844294837,1298.2456,45.391663,4.8740406,4.8740406,3.0,171.40453,15.226835,29.022657,3.0,5897.0,0
365277.1366897022,3095040.058266279,1580.0688,25.927444,34.854385,34.854385,1.0,165.73834,8.613733,267.57568,3.0,0.0,1
366748.59554265696,3088182.0221874896,1421.8953,157.33046,35.484306,35.484306,5.0,138.93889,9.157535,554.47705,3.0,0.0,1
370638.25784386846,3102753.6503243325,3544.551,102.31408,38.489082,38.489082,8.0,58.167664,11.044452,1983.9698,6.0,135.0,1
355783.92283170234,3080721.9221720407,1285.349,114.787415,35.099182,35.099182,7.0,62.256123,9.729024,603.9224,1.0,0.0,0
374454.00721941085,3061771.0404797783,834.3135,243.19978,7.1571116,7.1571116,3.0,196.21817,6.55812,378.40915,1.0,0.0,0
400023.0663715495,3069606.7649547844,2359.9426,57.492634,31.872862,31.872862,1.0,104.50856,11.945931,1413.4957,4.0,0.0,0
390905.2501793102,3108087.0925437417,4911.093,212.00713,47.475056,47.475056,3.0,247.97824,7.7402735,717.9809,6.0,5897.0,0
362900.92285469157,3104941.8727001217,3370.6707,138.59894,59.749546,59.749546,6.0,25.172197,10.946618,837.6444,4.0,135.0,1
374178.4810797813,3092135.3949166117,2859.8425,181.12532,35.571068,35.571068,3.0,193.50096,10.580584,1336.3035,4.0,0.0,0
361517.5692108557,3098804.989736044,2562.937,108.24017,44.80898,44.80898,7.0,32.561188,7.346594,1084.376,4.0,135.0,1
377502.20841512806,3103073.9073864464,2927.5356,80.89879,32.514782,32.514782,7.0,53.668915,6.0635676,772.78784,4.0,135.0,1
389898.71956287767,3102560.69935939,4263.473,199.1037,15.851057,15.851057,3.0,215.8849,10.282943,1559.681,6.0,5897.0,0
358662.6417475026,3074846.774632522,810.6901,129.61674,19.682777,19.682777,6.0,127.702324,9.818369,64.89664,2.0,0.0,0
352379.0635228198,3097951.232061036,3309.7244,166.55542,38.043896,38.043896,5.0,164.37186,9.369621,324.4832,4.0,135.0,0
402076.9565437184,3071041.8397153034,2299.6396,174.9773,30.126965,30.126965,4.0,189.11197,12.926765,291.67407,3.0,5897.0,1
382357.0356247532,3096258.7521635955,1911.7831,140.49632,51.356525,51.356525,5.0,57.31541,7.181366,176.53793,3.0,135.0,1
403088.7890820986,3080804.035587084,3521.6663,206.20811,26.6456,26.6456,4.0,222.95015,4.581997,458.8885,4.0,5897.0,0
373861.23651677236,3079144.198421701,1949.2621,115.376595,38.730446,38.730446,7.0,48.69727,6.223112,478.65393,2.0,0.0,1
361135.4013196279,3111427.859205605,3992.8303,74.87606,22.625242,22.625242,8.0,112.84089,8.142056,185.83568,6.0,135.0,0
400576.86131810985,3072398.2086302894,2192.8225,161.82646,44.96591,44.96591,4.0,149.3502,6.3288636,1218.2604,3.0,5897.0,0
394986.08613529184,3078657.9985780646,2150.8015,107.618286,44.716595,44.716595,6.0,11.281955,9.035712,696.54376,4.0,5897.0,0
391036.12920770526,3100271.3054523156,4246.591,123.59388,32.599922,32.599922,6.0,75.75685,6.5310993,2197.3047,6.0,5897.0,0
381276.9897161588,3087404.5232766885,1675.9487,243.05835,44.61979,44.61979,3.0,240.57948,8.134944,290.22656,3.0,0.0,1
389322.46397379483,3083308.608531975,1313.4352,98.8687,44.050518,44.050518,8.0,41.341072,10.518172,492.5308,3.0,6545.0,0
380588.24601535825,3104188.069619863,3389.868,127.61203,41.483147,41.483147,6.0,54.73199,13.594075,1933.2227,4.0,135.0,1
369574.74964074785,3104950.087829181,3216.3083,118.20969,60.447155,60.447155,6.0,1.0,7.486294,145.11328,4.0,135.0,1
371926.34757098317,3093981.350728253,3479.8396,221.89404,17.043072,17.043072,3.0,210.67339,5.3096213,1256.3828,4.0,0.0,0
357289.26988091506,3110599.0183537365,3816.3147,132.12462,34.784355,34.784355,6.0,90.9892,8.202276,249.66234,6.0,135.0,1
361912.59903883486,3100933.4374657087,2124.1245,173.24094,35.301388,35.301388,4.0,178.35234,7.9178753,64.89664,3.0,135.0,1
393915.23955643934,3087505.1193801956,1323.088,187.20557,22.53372,22.53372,5.0,211.47012,7.935209,41.044235,3.0,5897.0,1
355077.96385065553,3098597.833389836,2323.8723,64.50724,59.867153,59.867153,8.0,1.0,9.844108,580.4531,3.0,0.0,1
406034.90189940116,3086871.566841676,3903.7664,202.97557,22.235867,22.235867,3.0,223.87614,12.612147,348.27188,6.0,5897.0,0
361897.2043121726,3070126.52157276,728.9734,20.693043,4.4056835,4.4056835,2.0,184.27216,5.586304,339.70148,1.0,4117.0,0
369756.15721804893,3105251.608523829,3416.62,96.750114,40.94202,40.94202,7.0,18.034239,9.02219,273.7992,4.0,135.0,1
369518.7849250429,3091310.1428635144,1821.4978,106.701385,13.307664,13.307664,6.0,120.13685,10.538005,169.2297,3.0,32.0,1
373109.0613706702,3091994.201752374,2390.8958,148.91545,38.743347,38.743347,5.0,114.69789,8.273073,261.20392,4.0,0.0,0
388177.500460608,3099053.206565473,3919.5806,175.05565,31.633215,31.633215,4.0,190.53061,14.18426,2113.878,6.0,5897.0,0
355989.6511471956,3106220.8501460804,3209.2715,121.193535,34.730595,34.730595,6.0,74.92878,10.559522,58.045315,4.0,135.0,1
380192.71437256126,3111596.006486936,4679.864,73.28783,18.928865,18.928865,1.0,122.86728,10.6547,2942.617,6.0,135.0,0
356602.86070011393,3112629.526441114,4795.5615,32.819397,28.548182,28.548182,1.0,158.95837,8.005847,350.6821,6.0,135.0,0
386985.28062721365,3064560.0232969834,1747.8921,33.360943,26.424122,26.424122,1.0,156.95314,5.4875627,875.02234,1.0,0.0,0
352088.36695278855,3105102.0040303655,3761.9524,161.85658,47.239243,47.239243,6.0,124.20512,8.891419,209.28535,6.0,135.0,0
370251.3298610512,3099705.9860206093,2490.4084,175.73477,38.258926,38.258926,5.0,186.0207,11.314283,324.4832,3.0,135.0,1
385870.8363785523,3073768.477154889,1996.0226,143.49316,56.903744,56.903744,6.0,83.62372,7.7282233,522.40784,3.0,0.0,1
373405.2502613513,3088253.8265000563,3408.0452,90.00444,57.02146,57.02146,8.0,1.0,8.099691,636.5166,4.0,0.0,0
353415.0653466069,3101673.5205195295,3454.2212,27.72495,41.164097,41.164097,1.0,154.532,8.522408,778.7596,4.0,135.0,0
397458.9900400402,3094630.782236612,1868.7432,143.58652,31.59941,31.59941,4.0,78.75746,10.985382,129.79327,3.0,5897.0,0
382025.2260899315,3096995.626520658,2305.2998,145.12286,31.698126,31.698126,6.0,121.89365,11.611786,846.1486,3.0,135.0,1
355071.70951747627,3098604.429419325,2324.6084,64.405396,60.250507,60.250507,8.0,2.4255202,8.811887,557.5071,3.0,0.0,1
391322.1800696191,3094306.673106484,3270.6882,92.17379,32.974255,32.974255,8.0,46.817245,3.0447378,501.00873,4.0,5897.0,0
368615.7052677416,3092004.6786772055,2367.9543,197.03809,37.813946,37.813946,4.0,225.5165,9.589114,104.64268,3.0,0.0,0
352162.66862592957,3104109.543950278,3505.175,37.938103,36.043907,36.043907,8.0,137.15808,6.9744487,285.84003,6.0,135.0,1
383057.4972862534,3064869.175653777,1528.0199,217.11133,12.740695,12.740695,4.0,217.54767,14.977032,1077.3623,1.0,0.0,0
376530.08590282954,3116091.934213235,5146.407,156.74428,18.970402,18.970402,5.0,166.98871,11.147048,902.97314,8.0,135.0,0
352249.5151111699,3082523.6997415237,1284.6508,127.30827,29.433031,29.433031,6.0,97.43157,7.294876,58.045315,2.0,0.0,0
402329.32078174665,3070402.3506141384,2393.9343,242.96391,58.000137,58.000137,2.0,234.73465,4.6149807,209.28535,4.0,0.0,0
365842.03640846896,3091738.057962349,1269.8545,65.57714,31.734217,31.734217,8.0,90.94423,13.817571,203.1586,3.0,0.0,0
394524.6707189949,3077617.4158611684,1728.6978,141.89561,38.512,38.512,6.0,100.034134,8.878324,348.27188,3.0,5897.0,1
387021.52775789384,3072810.3381207758,1899.7095,124.53945,44.084526,44.084526,6.0,36.935566,11.578106,1224.8112,3.0,0.0,1
400498.7097388294,3087855.007674696,2679.8953,28.204731,25.724977,25.724977,8.0,173.49219,7.825564,523.2134,3.0,5897.0,0
380393.6176150722,3109622.373027399,3597.728,111.2294,34.96092,34.96092,6.0,65.807755,14.586044,1046.4268,6.0,135.0,1
370779.0011552215,3097923.613849867,2472.3093,247.35072,32.14671,32.14671,3.0,230.91238,9.243452,290.22656,3.0,0.0,0
391576.24810717825,3076723.412023881,1297.7584,128.18321,25.18435,25.18435,6.0,111.25707,12.338359,493.38516,3.0,5688.0,1
375760.9674189509,3076259.910061955,1178.0734,203.7063,32.291565,32.291565,4.0,235.44357,8.857225,41.044235,1.0,0.0,0
392696.91520372283,3076750.201657162,1290.553,103.878555,60.870712,60.870712,7.0,1.0,7.2343535,129.79327,3.0,5692.0,1
360431.1713265777,3103470.883912555,3600.6064,113.0142,45.352173,45.352173,6.0,24.044989,8.322902,1774.1843,6.0,135.0,1
394213.2457525233,3077417.138219709,1744.4633,111.047356,36.051537,36.051537,7.0,60.62149,4.1712513,338.4594,3.0,5897.0,1
389446.7750106068,3075827.4027784076,1435.4999,10.869478,34.84102,34.84102,2.0,202.60841,10.454255,584.0697,3.0,0.0,0
377262.71375017316,3109528.661938289,3853.177,170.41856,51.169575,51.169575,4.0,158.60919,8.693683,587.664,6.0,135.0,1
387644.9435107932,3060241.9153671986,1801.5692,163.20625,32.718628,32.718628,4.0,163.38098,7.3899727,1022.4052,2.0,0.0,0
369047.8226146293,3113599.463968319,5339.1177,238.06235,38.607384,38.607384,3.0,241.51846,7.5864615,1613.8268,6.0,135.0,0
363703.34112133516,3092074.1811308553,2290.0444,136.33655,34.772995,34.772995,6.0,99.57601,12.809245,338.4594,3.0,4895.0,1
403876.5975534941,3070461.3940979983,2860.4387,142.43297,56.898785,56.898785,6.0,36.293423,9.12982,145.11328,4.0,5897.0,1
403834.4178942804,3070389.903803179,2768.6348,179.21916,1.0,0.0,5.0,191.6388,6.9862328,58.045315,4.0,5897.0,1
393411.08057165047,3078738.285148391,2478.3323,112.22043,34.748188,34.748188,6.0,40.228367,9.479715,895.9497,4.0,0.0,1
396244.4027921579,3073879.6033361964,1328.0754,136.06007,38.449722,38.449722,6.0,86.079124,7.904352,378.40915,3.0,5897.0,0
378788.1255421577,3104172.4892843934,3045.761,165.32237,38.84855,38.84855,5.0,157.43224,8.49855,817.8006,4.0,135.0,1
356805.3596085965,3110610.7144344747,3837.027,134.12625,22.649122,22.649122,6.0,82.37101,6.9937615,145.11328,6.0,135.0,1
360069.7781577451,3114238.2475971724,4801.385,153.77768,32.374275,32.374275,5.0,138.73029,7.76939,841.65704,5.0,135.0,0
354080.9330301463,3085981.75272106,1384.9468,172.57678,31.589378,31.589378,5.0,184.86325,10.423775,308.51508,2.0,0.0,1
352733.10804919485,3103017.9909478864,3627.0366,63.5918,47.37628,47.37628,8.0,31.080063,9.883084,906.69684,6.0,135.0,1
383171.8758180368,3063853.4908364564,1707.8322,225.34108,22.507473,22.507473,3.0,235.15623,7.3022857,869.71173,1.0,0.0,0
399297.86864912155,3070354.801779812,2411.3335,5.8951235,38.15722,38.15722,1.0,210.89137,8.829459,926.0002,3.0,0.0,0
386695.1219754482,3093844.7766035544,3325.6787,155.4385,23.094017,23.094017,5.0,159.7624,6.7467747,743.3427,4.0,5897.0,0
355275.1801862923,3106504.1905300026,3753.7476,27.872932,60.582836,60.582836,1.0,110.02245,8.129531,145.11328,6.0,135.0,1
368665.5033276041,3093318.4689812087,2400.4597,176.65486,32.974255,32.974255,4.0,191.60739,2.3515906,580.4531,4.0,0.0,0
355923.5267597394,3108632.6849105074,4187.3213,118.9142,41.06248,41.06248,6.0,44.41741,10.528193,1121.4169,6.0,135.0,1
366550.96743663715,3098859.040576103,1937.4004,40.10741,50.697083,50.697083,1.0,88.84659,9.303182,259.58655,3.0,135.0,1
402415.04641500476,3074831.4675685563,2995.7644,163.30954,35.765556,35.765556,5.0,157.08485,6.865968,1079.7053,4.0,5897.0,0
352987.2417020252,3101379.280420156,3617.9172,106.705505,32.093277,32.093277,7.0,51.21966,9.661956,285.84003,6.0,135.0,1
353506.9494367702,3100850.3539786744,3208.182,127.82681,38.84855,38.84855,6.0,53.6926,7.3198957,185.83568,4.0,135.0,1
380198.8796703958,3108652.255179939,3197.187,98.489914,31.882725,31.882725,7.0,52.475883,11.778107,338.4594,4.0,135.0,1
362166.5216739778,3099888.142963027,1912.6356,51.077393,1.0,0.0,7.0,96.837906,9.288817,29.022657,3.0,135.0,0
353522.44652061997,3100320.5498057157,2862.2722,97.43952,30.24029,30.24029,8.0,33.110493,12.680601,29.022657,4.0,135.0,1
362725.40767616336,3099283.2240239787,2042.0994,194.43683,57.431866,57.431866,4.0,215.30667,8.48516,194.6899,3.0,135.0,1
383087.0253216393,3063036.1000312446,1730.7429,187.76665,26.178722,26.178722,4.0,199.86334,10.546318,389.3798,1.0,0.0,0
367463.75942191423,3107722.512203933,3495.8062,51.129948,29.318327,29.318327,8.0,128.68553,6.194189,1181.7605,4.0,135.0,1
372083.3176961326,3113581.0948323184,4947.448,51.24156,44.791195,44.791195,8.0,98.52082,7.382239,2769.4976,6.0,135.0,0
351912.3309281327,3104165.087204781,3861.1128,17.374113,69.175735,69.175735,1.0,130.58,11.328498,458.8885,6.0,135.0,1
392662.80361774197,3077348.8334153784,1723.0724,121.214516,32.214466,32.214466,6.0,76.07525,8.789264,598.3174,3.0,5692.0,1
352817.5936747168,3097915.126225715,3155.6985,86.32928,36.06108,36.06108,7.0,60.090298,7.701611,732.4988,4.0,135.0,1
360162.54402800713,3072002.293069265,963.8805,23.848917,19.298502,19.298502,1.0,184.06398,9.412336,639.1577,1.0,4380.0,0
383759.2033628323,3108912.1885449183,3649.2642,111.83648,22.49214,22.49214,7.0,85.615,7.3383365,267.57568,6.0,135.0,1
383234.52316276124,3088369.0350968125,2393.123,142.13774,35.870144,35.870144,6.0,79.801926,5.404547,290.22656,3.0,5897.0,1
363450.41525495943,3087098.6480943086,1248.9794,87.49884,44.4137,44.4137,7.0,55.34729,7.5119414,363.65286,3.0,0.0,0
362734.88458960026,3070221.8295122343,767.1658,181.31999,19.664328,19.664328,4.0,199.82736,8.286765,58.045315,7.0,0.0,0
397191.1740679733,3069252.002344636,3065.5679,220.6714,51.485764,51.485764,2.0,253.11469,6.8285394,410.44235,4.0,0.0,0
361525.19188323925,3103376.7675563223,3131.179,106.150185,60.599304,60.599304,7.0,7.0165644,9.125315,753.472,4.0,135.0,1
387119.1220769329,3091905.785099012,3035.4744,135.59595,38.449722,38.449722,6.0,88.1746,9.002965,233.98814,4.0,5897.0,1
386895.51663289143,3075783.338028541,2174.0688,63.768345,17.231924,17.231924,8.0,146.71423,5.285165,221.02998,4.0,0.0,0
392195.1883771006,3092825.8663853053,2683.7886,97.52022,16.460306,16.460306,7.0,119.00863,11.614451,453.34842,4.0,5897.0,0
366429.59976932476,3084560.327520821,1458.4175,137.6964,42.215267,42.215267,6.0,79.435585,7.828662,174.13594,2.0,0.0,1
361978.6689508512,3101131.5433077035,2266.334,153.1372,37.79342,37.79342,5.0,133.20123,12.038776,246.2654,3.0,135.0,1
383205.26119039825,3088457.027412686,2457.4055,145.61443,35.205128,35.205128,5.0,110.45318,7.0152435,377.29456,3.0,5897.0,1
388983.7315818582,3056814.560248739,1699.5934,98.38577,26.267282,26.267282,7.0,91.479836,7.7647567,706.15173,1.0,0.0,0
377070.3462371614,3104410.8729755227,2757.9248,33.793858,37.737694,37.737694,1.0,141.35066,9.990582,514.2828,4.0,135.0,0
363402.4861915941,3104763.708093831,3522.4468,183.46474,29.38294,29.38294,4.0,199.60738,6.039313,1303.4373,4.0,135.0,0
387319.1112532792,3097615.75066406,3358.2676,172.22656,38.781174,38.781174,4.0,178.75305,9.195595,2449.6223,4.0,5897.0,0
386524.4805175206,3076522.7006018925,2155.3445,239.42091,12.931369,12.931369,2.0,210.27626,9.307567,348.27188,4.0,0.0,0
381421.87685144605,3080036.1789796357,1198.5006,235.9927,25.317074,25.317074,2.0,236.92618,9.5143175,174.13594,1.0,6470.0,0
402412.4314483211,3081489.4014376337,3150.0537,157.18541,34.590187,34.590187,5.0,150.11539,10.850263,145.11328,4.0,5897.0,1
376767.1442848841,3077879.501651848,1400.3834,102.68838,48.191128,48.191128,7.0,3.2810133,6.139964,203.1586,2.0,0.0,0
364200.3459272123,3099050.151134793,2345.2524,117.320076,48.446392,48.446392,6.0,18.345242,6.750112,900.17035,3.0,135.0,1
399889.1881976492,3080578.5913366172,3009.872,50.846134,4.5407166,4.5407166,1.0,187.55093,6.3701267,499.32468,4.0,5897.0,0
357166.5060304816,3105593.767526937,3293.087,200.01624,35.387142,35.387142,4.0,234.19125,6.647543,552.1937,4.0,135.0,0
381620.91534560814,3109459.43167039,4048.2305,156.9859,48.285427,48.285427,5.0,93.168785,5.9008226,781.4589,6.0,135.0,1
355375.67126517504,3102175.9186364226,2299.905,96.489784,1.0,0.0,7.0,175.53061,6.9862328,0.0,3.0,135.0,1
355360.33134620544,3104179.0865713614,3131.8647,104.501434,50.405457,50.405457,7.0,3.3964117,8.695846,727.3057,4.0,135.0,1
387762.2018846807,3097424.1304064025,3505.2478,165.17636,29.671347,29.671347,5.0,167.08006,8.84645,2707.831,4.0,5897.0,0
396700.7738514666,3067114.1465798,2825.4883,178.43279,24.467148,24.467148,4.0,197.36566,6.978044,1319.1748,3.0,0.0,0
382098.14515051775,3109655.449257741,4208.2183,135.63965,51.644814,51.644814,6.0,30.254831,5.0953846,871.1633,6.0,135.0,1
348439.9374762862,3079373.700894429,1712.6318,125.75585,26.56077,26.56077,6.0,106.14784,6.1826916,156.2918,1.0,0.0,0
380610.9315791767,3115169.045724297,6090.723,70.06424,63.06619,63.06619,8.0,11.806843,9.55486,2563.376,8.0,135.0,0
357627.8119227945,3106564.052575593,3760.9912,154.86258,48.018513,48.018513,5.0,106.429214,7.209048,753.472,4.0,135.0,1
401584.03917193564,3086374.1611385373,3199.4714,241.12474,20.01618,20.01618,3.0,221.469,5.8868217,1393.0875,4.0,5897.0,0
389188.44911200623,3056720.2952782987,1570.9391,109.78575,25.637014,25.637014,7.0,86.59095,11.579058,519.1731,2.0,0.0,0
396681.9122039211,3070905.116139068,1981.5275,235.4298,28.511963,28.511963,3.0,239.74313,9.25269,203.1586,3.0,0.0,0
356563.24815454806,3106138.603657366,3103.8254,94.70004,51.358185,51.358185,7.0,20.252134,6.0786963,145.11328,4.0,135.0,1
387987.06315896503,3098556.085734057,3796.6252,137.06712,45.248096,45.248096,5.0,74.5619,7.1897917,2375.075,4.0,5897.0,1
351867.23390611727,3104204.437808925,3814.3806,30.316706,53.85896,53.85896,1.0,111.501915,9.2506895,431.45282,6.0,135.0,1
385981.30452726723,3081805.6523097428,2470.5398,242.99655,25.810688,25.810688,2.0,229.43579,8.051297,233.98814,0.0,0.0,0
364943.40386839403,3101948.317645338,2782.699,50.74113,34.93742,34.93742,8.0,133.94049,7.6541567,1366.2245,4.0,135.0,1
364321.01587213477,3105633.707118486,3611.73,120.62101,35.585808,35.585808,6.0,74.72336,6.2300105,2147.6768,6.0,135.0,1
363648.2904260564,3074340.0855240286,1540.7089,148.08553,14.057714,14.057714,4.0,156.38734,7.383673,748.98706,1.0,0.0,0
356770.48871768283,3110822.0469475943,3992.6025,130.97234,38.476795,38.476795,6.0,75.71568,8.543298,308.51508,6.0,135.0,1
349872.4473718824,3075524.1834365455,1851.6696,11.88726,42.14893,42.14893,2.0,216.25578,7.619458,64.89664,1.0,5340.0,0
367656.9302808026,3105299.374139959,2794.9243,78.20343,38.120373,38.120373,8.0,52.9652,14.8790655,233.98814,4.0,135.0,1
356330.2808160925,3109049.6414958956,4125.7007,93.91782,32.656445,32.656445,8.0,53.36194,6.764217,663.0899,6.0,135.0,1
369109.375290741,3100555.0586769427,2905.8838,107.39438,32.24824,32.24824,7.0,63.775402,11.7838,865.8291,4.0,135.0,1
381723.67149645323,3087098.8566407603,1799.594,17.717117,41.56858,41.56858,2.0,182.44711,8.460845,591.94836,3.0,0.0,1
381739.06015400274,3109331.568462435,3905.5288,135.39685,53.43237,53.43237,6.0,30.037237,10.413078,614.9791,6.0,135.0,1
355487.6959134635,3103926.1878743935,2863.2983,109.14257,42.0349,42.0349,6.0,35.36591,5.8084426,514.2828,4.0,135.0,1
349021.5030869243,3106421.868303469,4416.671,87.722565,15.556786,15.556786,7.0,138.8647,16.02991,2332.3096,6.0,135.0,0
361668.17218619416,3102973.9534378494,2752.1301,90.57655,22.81958,22.81958,7.0,83.62977,10.083922,501.00873,4.0,135.0,1
378071.1863679823,3105604.966790924,2815.3467,113.23774,41.178555,41.178555,2.0,230.8969,10.873209,367.1108,4.0,135.0,0
370405.9818222429,3102012.0083790887,3152.19,106.89115,25.631613,25.631613,8.0,58.182255,11.081044,1219.297,4.0,135.0,1
385427.6738134311,3076021.9837076124,2319.295,102.13327,7.030962,7.030962,2.0,200.06653,9.2963295,259.58655,3.0,0.0,0
372289.1794539132,3069304.4958801367,1300.4639,12.160359,28.58883,28.58883,2.0,200.57812,8.552284,831.08246,1.0,8095.0,0
356329.87129806436,3108943.908131707,4107.1885,73.86461,28.62038,28.62038,8.0,82.8515,11.49389,696.54376,6.0,135.0,1
390275.80584515934,3058048.756999068,1828.6326,201.0915,35.11132,35.11132,4.0,235.61499,7.2168126,493.38516,1.0,0.0,0
355540.6672618652,3100275.5190392905,2345.1985,79.94992,35.083984,35.083984,7.0,59.5792,7.2788057,389.3798,3.0,135.0,1
379704.2387080468,3115509.9522049883,5849.359,162.28207,44.495388,44.495388,4.0,134.9413,8.002979,1807.811,6.0,135.0,0
377936.3631810617,3078509.159190371,1249.7389,98.66905,67.27256,67.27256,8.0,1.0,7.855917,894.06744,1.0,0.0,1
400818.3147357916,3071224.9148675185,1892.7826,175.35703,25.496,25.496,4.0,192.15875,9.089649,290.22656,3.0,5897.0,0
377905.18590269686,3064641.9429900134,845.3064,169.40802,35.20412,35.20412,4.0,172.73755,7.0173373,319.24924,7.0,0.0,0
372668.53276558866,3088881.70251737,3266.4062,198.96518,31.689404,31.689404,3.0,230.83492,10.492178,817.28546,4.0,0.0,0
353214.2211723609,3075442.3696030052,1491.5972,247.39037,29.726181,29.726181,2.0,229.93634,5.7103934,961.69714,1.0,0.0,0
359191.02770000306,3072232.484879422,1131.506,4.6193676,37.868557,37.868557,2.0,213.55878,9.887994,1067.1501,1.0,0.0,0
372611.70629943826,3068803.554665951,1490.4624,30.275085,19.83999,19.83999,8.0,175.56128,7.4126463,1145.2003,1.0,8095.0,0
360632.5384737231,3072018.5629270566,801.76086,56.523037,25.317074,25.317074,8.0,125.97571,10.025143,298.80655,1.0,0.0,0
376097.9364238387,3088035.8798568584,2306.1492,33.290234,32.42919,32.42919,8.0,155.56598,9.441781,806.39124,3.0,0.0,0
355128.3917730987,3106198.22960944,4108.631,107.3867,25.994865,25.994865,8.0,92.2797,6.5820503,483.03326,6.0,135.0,1
369625.22300754354,3105969.9309369726,3805.5312,177.83969,42.394123,42.394123,4.0,188.61482,6.467834,948.9122,4.0,135.0,0
362161.4820274449,3073453.24481833,1053.4594,141.02364,28.61137,28.61137,6.0,121.802376,10.0873575,129.79327,1.0,0.0,0
399155.5574425383,3083347.874666347,2906.0012,151.51791,32.665848,32.665848,6.0,131.26257,7.2440124,554.47705,4.0,5897.0,1
395342.5656602682,3070719.4902733564,2477.287,15.0308075,41.61413,41.61413,1.0,188.2984,6.76006,1026.1058,3.0,0.0,0
388501.60108567984,3056730.630563033,1646.8184,163.8372,22.518415,22.518415,5.0,174.4422,7.9701085,273.7992,1.0,0.0,0
355182.44647107855,3105747.3328028684,3829.5562,111.47504,51.831245,51.831245,6.0,1.0,4.009399,761.81024,6.0,135.0,1
382023.00135464704,3090735.085810652,2224.3901,199.47295,25.304218,25.304218,2.0,218.47565,11.128602,934.6017,3.0,5897.0,0
394167.1982328395,3077462.909882669,1791.3452,106.7588,47.294407,47.294407,6.0,3.2445257,8.49527,377.29456,3.0,5897.0,1
364287.3498649323,3088544.9447211055,1281.3544,152.87068,38.134617,38.134617,5.0,124.807076,8.887474,164.17694,3.0,3379.0,0
377077.9782224217,3086255.643413243,1293.6827,95.58162,32.27713,32.27713,7.0,59.856773,7.6825256,203.1586,3.0,0.0,0
389078.8164100527,3100217.1954364753,4421.7017,226.56305,22.544641,22.544641,3.0,234.916,9.009262,1954.8865,6.0,5897.0,0
364900.44098748907,3105392.4648822383,3309.5776,97.13129,29.794819,29.794819,7.0,75.6569,4.84604,2737.9922,4.0,135.0,1
355227.5751397407,3104527.7267597266,3455.2607,131.13972,51.451603,51.451603,6.0,37.751045,7.4412947,964.7578,4.0,135.0,1
396763.4703897313,3074450.2427432323,1313.5388,147.45857,20.00587,20.00587,5.0,149.94188,15.080925,0.0,3.0,5897.0,0
397420.98017567093,3087531.8502151733,2612.5642,159.09459,31.9307,31.9307,5.0,147.60059,7.3059006,436.3062,3.0,5897.0,1
350702.0061389005,3085102.4134376068,1938.9626,53.00939,35.0495,35.0495,1.0,110.19447,9.439293,29.022657,2.0,0.0,0
367639.8804269681,3075557.296393615,1284.7621,52.14055,28.354095,28.354095,8.0,120.68425,11.565283,1167.4181,1.0,0.0,0
356140.80728702724,3108928.395031372,4258.293,58.546577,41.28145,41.28145,8.0,90.66449,7.4875426,869.71173,6.0,135.0,1
370584.18377762026,3099732.565092885,2744.7617,163.58224,57.215874,57.215874,4.0,137.30405,8.36102,641.1314,4.0,135.0,1
400660.3298926703,3074196.503463805,1884.7826,161.2363,32.889874,32.889874,5.0,157.49634,6.6018677,147.98709,3.0,5897.0,1
373282.98897656496,3062134.9204420247,1075.5277,134.76439,20.40517,20.40517,6.0,135.20721,4.1579657,1510.2941,1.0,0.0,0
397794.71050197055,3073585.183231598,1319.5646,35.212643,25.38303,25.38303,2.0,212.56439,8.100057,58.045315,3.0,5897.0,0
388848.24107191665,3071750.2125629107,946.10144,89.83506,47.74884,47.74884,7.0,1.1598699,7.755804,259.58655,2.0,0.0,1
387767.7340274357,3060288.358274004,1856.5972,143.65106,32.257874,32.257874,5.0,120.42901,8.414528,925.5453,2.0,0.0,0
358059.99037470494,3082200.4852959984,1290.5619,152.65298,16.627987,16.627987,5.0,165.85526,8.072982,806.39124,1.0,2212.0,0
360547.0016171619,3095134.9180557104,3089.5576,156.54483,41.628834,41.628834,4.0,120.98424,8.927871,525.6227,4.0,0.0,1
385888.2187694329,3060247.786535594,1738.7455,169.38248,16.735382,16.735382,6.0,186.45625,10.985567,454.27646,1.0,0.0,0
355101.67389438313,3106116.250956057,4102.503,79.14956,6.5284877,6.5284877,8.0,156.2199,11.8345995,572.4163,6.0,135.0,1
394686.9172269754,3087564.832494042,1746.2601,212.03883,50.786133,50.786133,3.0,243.8157,10.693433,688.02673,3.0,5897.0,0
383455.99638764525,3096865.292824289,2033.2865,126.674736,31.87163,31.87163,6.0,98.208046,9.7518215,41.044235,3.0,135.0,1
391753.07743994484,3084478.196293244,1439.8856,132.27803,57.14964,57.14964,6.0,11.555611,7.8067694,295.97418,3.0,5897.0,1
362651.1734178116,3074564.014487328,1387.5789,218.9301,29.535585,29.535585,3.0,240.87384,6.289276,1131.8837,1.0,0.0,0
397904.20179967483,3088957.6340114125,2505.8381,5.3126264,22.43946,22.43946,2.0,209.5039,11.785536,1215.1451,3.0,5897.0,0
366119.0253816849,3068171.245327549,831.55273,144.16014,4.237877,4.237877,4.0,174.89185,6.0699053,1337.8784,7.0,0.0,0
377870.8259126754,3078245.743392274,1267.3953,64.17493,56.89031,56.89031,8.0,37.74845,10.072687,670.04004,2.0,0.0,1
361488.5992121121,3103247.0987801105,3066.756,103.434204,41.06248,41.06248,7.0,51.32884,9.611902,753.472,4.0,135.0,1
354844.32372595224,3113932.008720929,5053.9126,71.34974,6.893754,6.893754,8.0,166.8252,11.688238,29.022657,6.0,135.0,0
357386.12747179705,3104541.8276080447,3634.193,169.29413,44.802517,44.802517,5.0,158.83578,8.968994,1101.3324,4.0,135.0,1
362416.5667154404,3096218.0916851214,2479.3079,79.46812,50.7302,50.7302,8.0,25.800257,9.218338,64.89664,3.0,0.0,0
405283.55131037656,3084123.6942706206,3610.0012,193.47038,26.258623,26.258623,4.0,217.30222,8.298032,412.48947,4.0,5897.0,0
401024.9517583074,3073546.493954946,2178.5862,250.54176,32.85855,32.85855,2.0,226.39003,7.822716,450.5528,3.0,5897.0,0
378789.8921326662,3109169.5739879855,4175.92,132.96838,23.510307,23.510307,7.0,124.766685,9.282881,1724.1022,6.0,135.0,1
357555.4192246979,3110733.002839028,3816.8213,111.48418,28.425627,28.425627,6.0,84.173035,11.795029,164.17694,6.0,135.0,1
365894.6803989485,3080188.990691124,2081.839,124.7421,26.206558,26.206558,6.0,106.40611,7.7337704,104.64268,1.0,0.0,0
365243.8384120093,3112270.850122586,5401.3296,156.7377,32.38743,32.38743,4.0,130.88159,8.839904,1296.9589,6.0,135.0,0
385294.10251952603,3102672.2151231826,4573.5493,218.61479,13.43042,13.43042,4.0,212.12294,6.578153,1542.8484,6.0,135.0,0
379174.51719955547,3101204.883577242,2911.0557,44.697407,42.056995,42.056995,1.0,125.93818,8.514831,1149.9713,4.0,135.0,1
381748.82319860125,3076449.913552274,1123.3021,161.09474,20.07787,20.07787,6.0,157.31905,5.7047796,41.044235,1.0,0.0,0
366497.1322398301,3098763.194932469,2016.8141,27.073532,28.644375,28.644375,1.0,161.61368,7.6830897,354.26666,3.0,135.0,1
376152.3332723791,3089683.079668426,2524.9805,107.40742,28.870615,28.870615,7.0,75.90423,7.1236973,308.51508,3.0,0.0,1
395522.54546108824,3079035.9832937573,2347.3936,127.22175,16.250233,16.250233,6.0,135.93277,7.242745,1207.1472,4.0,5897.0,1
373146.2875126534,3111978.9762556716,4614.4272,41.9262,34.776093,34.776093,1.0,131.69992,8.9337845,1498.2551,6.0,135.0,0
366366.2802511896,3098026.8657813887,2198.3337,82.10308,45.377552,45.377552,8.0,18.328663,5.006574,522.40784,3.0,135.0,1
363495.6095007292,3101494.438809939,3132.053,157.26723,31.957705,31.957705,4.0,155.63443,8.853294,1718.9647,4.0,135.0,0
357577.6100127999,3110962.3523809654,3961.9407,106.95675,37.826763,37.826763,6.0,41.018486,14.666844,338.4594,6.0,135.0,1
355295.3899290723,3098546.307813519,2079.0596,58.164032,32.42562,32.42562,8.0,90.78002,6.271666,418.5707,3.0,0.0,1
386519.08779662015,3079382.7283889884,1763.5414,93.28276,38.60982,38.60982,7.0,36.601105,9.121878,1074.2305,3.0,0.0,1
383116.16416658886,3115730.823841723,5596.7373,240.28429,35.237278,35.237278,2.0,241.50775,7.6421237,3670.764,6.0,135.0,0
362362.2174354743,3101366.411992156,2581.0593,149.90771,35.285385,35.285385,6.0,125.71218,8.797338,652.20306,3.0,135.0,1
388716.82835477294,3072127.99790749,1149.0568,114.171684,25.362906,25.362906,6.0,98.43656,8.880338,615.6635,2.0,0.0,1
370844.3794367416,3102623.917429193,3412.671,123.57433,39.212467,39.212467,7.0,59.949913,3.8802116,1873.0298,4.0,135.0,1
354293.6892863479,3094718.760829425,2253.4956,26.908773,28.981113,28.981113,1.0,172.18687,8.685757,319.24924,3.0,0.0,0
394939.6434644923,3091087.41269081,1816.8234,173.2634,35.408012,35.408012,4.0,180.3979,7.704161,164.17694,3.0,5897.0,1
369087.9530812055,3074934.8664895273,1020.11566,49.807213,22.507473,22.507473,1.0,145.74524,9.49951,287.30966,1.0,0.0,0
378739.76760056906,3104006.916071568,2884.971,166.38156,50.54221,50.54221,5.0,154.5931,11.252936,701.3642,4.0,135.0,0
354841.0303484904,3105600.50148435,3904.2148,105.664856,38.462856,38.462856,7.0,48.90141,7.4725766,1108.1943,6.0,135.0,1
375673.03494096396,3105726.489968806,3142.0386,84.3262,22.02281,22.02281,7.0,102.962105,13.77195,273.7992,4.0,135.0,0
378960.0683831955,3103577.123795852,2734.2854,140.09447,44.626335,44.626335,6.0,83.790344,7.022672,598.3174,4.0,135.0,0
370355.497178126,3080100.6926287664,1446.1252,235.21187,13.729748,13.729748,4.0,227.02188,9.584654,387.21054,1.0,0.0,0
381696.45321324444,3082204.9682390313,1731.3546,90.59623,34.89954,34.89954,7.0,39.260128,11.379817,261.20392,2.0,0.0,0
356236.09867956326,3109106.5892917467,4193.996,97.09268,41.398586,41.398586,7.0,24.496471,10.203442,725.5664,6.0,135.0,1
379421.92301873537,3080247.0888293306,991.13934,165.67674,37.78486,37.78486,5.0,161.13287,10.981769,205.22118,2.0,0.0,0
355830.64416111144,3114425.2460425305,5111.849,139.81349,31.51018,31.51018,6.0,114.33553,10.481208,781.4589,6.0,135.0,0
348566.0721940767,3082899.763033842,1914.7413,135.6002,44.523983,44.523983,6.0,67.888374,8.342678,748.98706,2.0,0.0,0
348772.4560549195,3081995.573479962,1858.3578,196.01955,25.874678,25.874678,2.0,221.70369,7.5162888,689.86066,1.0,1774.0,0
392922.5806337208,3071816.60511744,1562.2167,216.32314,28.475664,28.475664,3.0,239.63373,11.460771,1413.4957,1.0,0.0,0
357877.86547682434,3113541.3203376215,4956.315,76.225945,26.536938,26.536938,8.0,100.0537,7.3511553,1025.6953,6.0,135.0,0
355343.0391469309,3103881.2735563833,2948.197,60.961727,32.630566,32.630566,7.0,94.24421,5.747306,644.4076,4.0,135.0,0
361145.1578046531,3102770.001002949,2819.09,98.652306,38.370712,38.370712,7.0,44.95013,8.064307,861.4402,4.0,135.0,1
365236.9232585414,3074224.1171212774,1180.736,81.104,38.15722,38.15722,8.0,81.69278,9.389075,308.51508,1.0,0.0,0
373515.4271056778,3094528.4721670775,3605.7603,143.84961,29.047064,29.047064,6.0,126.4767,10.768781,514.2828,4.0,0.0,0
383898.78444553434,3109440.8112784354,4031.6262,101.71039,50.4781,50.4781,7.0,10.991834,10.348581,633.86444,6.0,135.0,0
395495.5174650459,3079240.8686559736,2506.062,117.036644,51.749622,51.749622,6.0,5.6621475,9.726534,1379.7213,4.0,5897.0,1
356780.09378397075,3110564.4778404506,3808.9683,132.58386,42.163773,42.163773,6.0,67.78898,6.054587,104.64268,6.0,135.0,1
382588.1198314235,3097450.498750973,2805.357,99.2253,26.691223,26.691223,7.0,35.591816,2.3391738,1065.5703,4.0,135.0,0
361987.0082821602,3101046.613345166,2222.6257,158.80074,47.79416,47.79416,5.0,140.27432,10.657308,185.83568,3.0,135.0,1
381553.08044086717,3109143.976919615,3544.91,137.39883,35.106262,35.106262,5.0,89.79079,11.2171335,493.38516,4.0,135.0,1
382804.97986608144,3081339.179514334,2037.2435,230.72263,37.9552,37.9552,2.0,246.71762,8.076139,1052.0463,2.0,6485.0,0
392697.27766013326,3077052.5409985255,1481.8066,107.62506,47.43045,47.43045,6.0,9.794887,9.27271,369.39813,3.0,5692.0,1
388056.71008268395,3108029.9049726687,5356.017,116.648705,35.982677,35.982677,8.0,21.824303,5.915195,1272.3713,6.0,135.0,0
361057.4986883607,3113868.0237130024,4876.9434,160.68889,19.790386,19.790386,6.0,172.98367,8.499555,1337.8784,5.0,135.0,0
357188.36253405246,3110749.958707972,3918.2898,105.79197,32.547943,32.547943,6.0,67.75353,7.589013,418.5707,6.0,135.0,1
393742.4385088832,3089727.8154759305,1891.6631,122.38871,47.29079,47.29079,7.0,30.182875,10.126556,1334.0956,3.0,5897.0,1
355554.571833561,3101847.0546871987,2195.3372,35.672672,1.0,0.0,7.0,165.21565,10.006658,29.022657,3.0,135.0,1
378793.9169975696,3109110.0760228895,4152.747,111.852875,25.853376,25.853376,7.0,101.351906,11.883278,1690.5542,6.0,135.0,1
352200.7171112401,3083640.285125978,1697.4132,153.9683,35.668118,35.668118,5.0,133.82283,7.6437526,1077.3623,1.0,0.0,0
388868.5640816002,3071614.974089233,889.7536,86.573524,34.838966,34.838966,7.0,72.61294,9.075627,194.6899,2.0,0.0,1
375922.7369465115,3064780.0751557336,1082.324,122.908035,9.5627365,9.5627365,6.0,150.00037,9.403685,563.5181,1.0,7423.0,0
366939.2462047326,3089100.6466041934,1397.0137,148.98544,28.399788,28.399788,5.0,137.10623,10.416097,119.66348,3.0,0.0,0
365484.59435353696,3086584.841705156,1328.2783,137.80667,44.355465,44.355465,6.0,74.06226,7.6738477,176.53793,3.0,0.0,0
393187.2514605928,3088391.056338119,2001.6112,154.81946,48.158985,48.158985,6.0,115.87675,6.21456,249.66234,3.0,5897.0,1
400951.2008033651,3085431.4186622947,3415.1116,7.952087,10.53383,10.53383,2.0,203.33345,6.038197,1078.5344,4.0,5897.0,0
371944.31735707424,3071715.118688294,1162.3623,226.89351,22.90092,22.90092,3.0,231.19469,7.583367,298.80655,1.0,0.0,0
362353.9235690154,3086293.174286412,1578.856,77.220825,25.874678,25.874678,8.0,122.902725,7.5162888,947.5797,1.0,5162.0,0
380557.6384075543,3066311.1165915043,990.85455,166.07277,13.568557,13.568557,5.0,181.53868,6.2882724,371.67136,2.0,0.0,0
349310.4079541341,3077944.446114548,1543.4009,23.624512,28.534609,28.534609,1.0,179.81865,8.05918,1191.3439,1.0,5340.0,0
396887.3770760051,3073332.977239054,1411.2369,236.3937,32.685806,32.685806,3.0,240.12198,5.5660243,247.96968,3.0,0.0,0
371146.3929167128,3097257.5363051877,2787.285,178.20029,31.843254,31.843254,4.0,195.70978,10.295298,841.65704,4.0,0.0,0
389724.36836644314,3061690.299109925,2055.7927,92.52064,23.049667,23.049667,7.0,124.95893,7.546777,960.821,2.0,0.0,0
355552.6630176281,3108655.4846292273,4354.7563,104.1475,41.86089,41.86089,7.0,25.284393,6.2482615,1296.9589,6.0,135.0,1
387528.39530568634,3090714.576737152,2935.6965,103.08219,35.947174,35.947174,7.0,45.22573,5.0386534,692.2984,4.0,5897.0,1
377464.49280522007,3106668.6251586773,3238.6665,102.2881,53.68818,53.68818,6.0,1.0,7.978303,771.1511,4.0,135.0,1
393400.7961880593,3068506.4693757887,1507.5879,172.39304,25.535896,25.535896,4.0,188.55325,7.5882106,290.22656,2.0,0.0,0
355699.70421619504,3102696.8232681006,2445.8506,96.34106,42.039448,42.039448,7.0,12.981557,6.893694,104.64268,4.0,135.0,1
366271.9060712505,3107155.0142353564,3748.0383,82.65374,35.782066,35.782066,7.0,55.48967,7.102926,1919.2295,6.0,135.0,0
387568.41874306544,3090648.444222657,2805.9248,95.56233,42.157967,42.157967,8.0,5.3817677,7.688191,587.664,4.0,5897.0,1
352408.4775846669,3109278.49541834,4859.9697,59.1042,32.280743,32.280743,7.0,112.12237,7.2697477,2270.6404,6.0,135.0,0
351514.543044468,3094850.5349548166,3423.5378,135.93561,26.623585,26.623585,4.0,77.76753,4.905071,319.24924,4.0,135.0,0
375349.37096293207,3066559.8026935575,1444.1104,33.612057,19.467855,19.467855,1.0,169.89952,9.641656,203.1586,1.0,0.0,0
378752.66762101534,3109057.1203777557,4146.845,74.25883,16.420546,16.420546,7.0,113.74775,6.8822575,1682.8137,6.0,135.0,1
370860.08931666217,3067578.91033755,947.85767,239.09488,28.998726,28.998726,3.0,234.97836,13.073032,349.47906,1.0,0.0,0
357294.7891625397,3106678.2385167195,3475.5286,186.10785,66.91974,66.91974,4.0,175.91089,9.181206,415.54123,4.0,135.0,1
361531.2352102777,3082384.4469922455,998.5147,202.92067,20.241142,20.241142,3.0,222.81288,6.413992,287.30966,7.0,3732.0,0
386972.1668138564,3093463.408161058,3234.5151,153.34872,35.82858,35.82858,5.0,134.7997,6.660461,1224.8112,4.0,5897.0,0
356574.27971065376,3106688.0813947855,3262.9363,85.67289,45.45137,45.45137,7.0,39.87161,4.4540663,259.58655,4.0,135.0,0
358423.1662484396,3094103.947426396,2143.6414,108.74758,47.32955,47.32955,7.0,5.5016007,8.996537,560.5206,3.0,0.0,0
356872.130676015,3104347.88799515,3099.2822,156.7254,38.68522,38.68522,5.0,137.73096,8.115214,638.4985,4.0,135.0,1
396783.55957761017,3083637.6857170304,2230.3982,169.12941,22.518415,22.518415,5.0,183.91055,9.356402,617.03015,3.0,5897.0,0
367123.7856540821,3081938.1814884534,2108.6262,251.32666,28.803959,28.803959,2.0,223.53458,9.836494,458.8885,2.0,0.0,0
356129.0425915978,3099978.4459039243,2076.7837,196.65756,22.386606,22.386606,3.0,219.09515,8.9959955,232.18126,3.0,135.0,0
375989.43237230333,3083776.0259201545,1790.8367,67.38594,25.80891,25.80891,8.0,105.673996,11.647673,1350.4115,3.0,0.0,1
356672.6209852808,3101709.275428477,2787.046,172.95581,48.52698,48.52698,5.0,166.75409,9.290729,1013.71783,4.0,135.0,1
385511.0194967096,3092232.746654705,2547.3384,182.58969,25.535896,25.535896,4.0,203.71558,12.384002,367.1108,4.0,5897.0,0
367064.2695762188,3078884.8541657375,1600.6337,92.47992,51.04112,51.04112,8.0,1.0,7.8542457,493.38516,2.0,0.0,0
378996.43188718316,3100628.1390970536,3067.3672,82.10546,45.352173,45.352173,7.0,9.830723,6.5311418,1080.0952,4.0,135.0,0
400314.7849145915,3078402.0721249315,3048.992,127.71352,38.54794,38.54794,6.0,69.41156,8.806132,1393.692,4.0,5897.0,1
388626.0136300117,3100939.0672612237,4137.659,225.27269,16.825846,16.825846,1.0,231.80455,6.0159063,1108.1943,6.0,5897.0,0
388756.037836656,3101778.331085771,3977.4753,223.02448,25.98077,25.98077,2.0,238.50055,8.807743,830.0683,6.0,5897.0,0
370168.3673085999,3113149.20886289,5244.1157,125.97173,28.716154,28.716154,6.0,41.599464,10.480488,2212.014,6.0,135.0,0
396262.7429903746,3075961.7390708392,2040.5427,96.33517,28.768295,28.768295,7.0,88.60335,9.146859,979.0578,3.0,5897.0,1
377130.09397946624,3103379.887642562,3039.9453,45.680607,40.8916,40.8916,8.0,107.92888,11.659104,917.777,4.0,135.0,1
360748.85131130624,3094088.4821921834,2678.447,182.18315,32.180622,32.180622,4.0,202.69016,10.361044,584.0697,3.0,0.0,1
354252.95163815335,3097159.306940941,2304.9438,118.625626,31.498838,31.498838,6.0,88.54534,14.862144,514.2828,3.0,135.0,1
385972.2201518075,3073646.762379906,2160.8203,165.21127,57.732708,57.732708,5.0,121.87553,6.5309715,638.4985,3.0,0.0,1
391227.6174721345,3084701.645940124,1733.8807,113.746414,41.694836,41.694836,6.0,39.47538,6.5982075,625.1672,3.0,5897.0,0
394827.0197979787,3093833.842103297,2956.2996,123.91379,45.048244,45.048244,6.0,35.391975,7.2416277,1941.2664,4.0,5897.0,1
370500.3708793909,3074833.606424641,1275.7141,186.22092,10.3553915,10.3553915,4.0,196.03214,9.080564,928.72504,1.0,4672.0,0
362296.0892460189,3090031.9263820327,2481.4922,90.58333,57.3261,57.3261,7.0,1.0,8.697952,41.044235,3.0,0.0,1
378504.8500445791,3108012.5889751855,3866.4204,126.42064,32.161255,32.161255,6.0,15.481079,8.895776,1314.0566,6.0,135.0,1
365923.25712963863,3083376.911005348,1739.8835,246.86867,16.260311,16.260311,4.0,229.1038,12.784585,935.9526,1.0,3502.0,0
374122.4297413458,3074992.9186548158,1304.0935,122.7162,35.784977,35.784977,6.0,77.27841,7.4992414,843.65625,1.0,0.0,0
392947.3736085814,3079557.874349507,2546.9224,189.26141,31.98589,31.98589,4.0,215.82535,7.874112,656.70776,4.0,5897.0,0
362222.24094809487,3081512.8561179927,1306.659,201.84584,16.260311,16.260311,4.0,213.98271,9.011824,119.66348,1.0,3475.0,0
392107.7171592858,3058135.170858869,1746.8646,96.8227,35.26736,35.26736,7.0,78.97919,7.9864125,273.7992,2.0,0.0,1
393255.01391309075,3089215.515107431,1949.6208,60.257454,23.220057,23.220057,8.0,122.16961,5.702899,944.90924,3.0,5897.0,1
388426.8749830128,3085123.027140976,1765.9279,141.322,32.14307,32.14307,5.0,85.61802,6.852882,415.54123,3.0,5897.0,0
381902.8904706995,3089538.6328544184,2261.254,183.54085,41.795616,41.795616,4.0,203.0009,11.015367,104.64268,3.0,5897.0,0
355348.5112773255,3106256.6979026,3713.0647,39.76696,63.365025,63.365025,8.0,47.096962,10.259159,298.80655,6.0,135.0,1
360036.7920202121,3084213.9769800236,1425.666,64.25488,25.35375,25.35375,1.0,138.88048,9.615485,533.5751,1.0,0.0,0
381003.0446425691,3112529.572655393,4578.0293,80.45736,51.30739,51.30739,7.0,2.5169506,8.596881,3445.394,6.0,135.0,0
355628.2401278285,3105968.444664521,3578.0774,40.722214,57.26713,57.26713,1.0,78.11421,7.563525,349.47906,6.0,135.0,1
379643.36377884675,3109022.6951606306,3755.431,159.16333,54.256107,54.256107,5.0,110.99589,7.7071075,985.0616,6.0,135.0,1
379506.13807426504,3109167.6776203085,3896.6304,112.18016,29.654434,29.654434,7.0,4.0305715,5.091259,1190.2828,6.0,135.0,1
379991.97511545767,3096351.5017579105,2102.895,97.27825,50.90963,50.90963,6.0,1.1153182,7.7155914,104.64268,3.0,135.0,1
365641.4366977559,3102780.0496377093,2750.6606,43.126427,32.86436,32.86436,1.0,135.39998,4.6403456,831.08246,4.0,135.0,0
368859.5221820658,3098413.005967883,2510.9465,111.11707,56.981747,56.981747,7.0,1.025483,7.5075355,587.664,3.0,135.0,1
351801.058048245,3104119.5375276534,3976.1655,2.0155482,44.100372,44.100372,2.0,211.63895,8.86788,554.47705,6.0,135.0,1
354911.6204314529,3090654.642465644,1895.4133,126.573685,50.294994,50.294994,6.0,24.058313,10.25878,887.92255,3.0,0.0,1
396113.13358587824,3084660.040957047,2376.2341,133.87257,48.369484,48.369484,6.0,54.30113,7.8461733,91.7777,3.0,5897.0,1
377664.4084568017,3087577.7140576155,1481.506,151.69351,37.916183,37.916183,5.0,129.44656,8.940902,205.22118,3.0,0.0,1
354955.7631276853,3090597.4437921285,1806.0284,111.29969,40.980423,40.980423,6.0,30.234966,10.777139,935.9526,3.0,0.0,1
383019.0469326274,3102439.4919040515,3530.5554,119.340225,26.197863,26.197863,7.0,108.62097,9.403062,104.64268,4.0,135.0,1
369420.0765356517,3066219.945194136,897.78467,204.78394,26.54205,26.54205,4.0,230.23212,5.614678,339.70148,2.0,0.0,0
360076.1310718939,3098640.829999027,2942.7954,119.53759,6.5284877,6.5284877,7.0,151.9495,8.814175,2375.2522,4.0,135.0,0
355911.9166954078,3103679.985163222,2540.9648,87.047386,37.819927,37.819927,7.0,47.568848,10.454156,58.045315,4.0,135.0,0
382989.40384431,3108786.7841343647,3547.1885,151.68642,32.204803,32.204803,5.0,126.112404,7.422298,261.20392,6.0,135.0,1
398923.0125963833,3083115.9254322182,2616.8884,148.85484,26.27421,26.27421,4.0,114.63352,11.125286,492.5308,4.0,5897.0,1
356530.41331632045,3106847.3709639446,3431.5867,91.95451,31.843254,31.843254,7.0,65.49204,7.5227084,367.1108,4.0,135.0,1
381750.97314457904,3099777.031932816,2816.4114,162.24551,42.199192,42.199192,5.0,147.7817,6.5878744,1542.5754,4.0,135.0,0
396076.3816124891,3086685.8921187506,2120.1191,220.87292,23.226332,23.226332,3.0,234.52548,7.0691714,377.29456,3.0,5897.0,0
352340.1923785253,3094375.5110840523,3028.1033,135.88211,44.585373,44.585373,6.0,69.006516,8.495408,987.197,4.0,0.0,0
377215.96849760955,3109529.6667099176,3767.2104,172.777,50.6887,50.6887,5.0,161.15578,8.226788,533.5751,4.0,135.0,1
383226.24673700694,3092004.1124748853,2261.1562,152.9503,39.030773,39.030773,5.0,126.41202,6.710996,458.8885,3.0,5897.0,0
363020.43995416985,3110145.5819495986,4521.53,160.57515,41.2876,41.2876,5.0,141.38896,7.4716754,1400.6251,6.0,135.0,0
357782.049671972,3099551.10890137,2987.1821,160.67844,44.79443,44.79443,5.0,134.13538,7.781226,1785.5422,4.0,135.0,1
355388.5498110674,3093153.499382121,2033.0454,15.719914,34.902615,34.902615,1.0,188.26604,9.550963,82.08847,3.0,0.0,0
402270.18707334157,3073858.240556055,2402.2637,214.27747,29.07921,29.07921,4.0,235.4845,12.465463,267.57568,3.0,5897.0,0
394500.04181168316,3094495.3870516694,3299.2744,65.670456,50.4429,50.4429,8.0,28.078423,9.5533905,1970.9781,4.0,5897.0,1
383140.169890378,3094959.25748499,2383.9905,150.34402,45.410122,45.410122,5.0,101.630585,5.490992,890.291,3.0,5897.0,1
368050.29943936353,3082587.8779891273,2063.5137,175.86734,31.760302,31.760302,4.0,190.16013,8.454617,330.9092,2.0,0.0,1
390460.67518170096,3088273.997368167,2696.373,62.731297,32.552677,32.552677,8.0,85.01258,6.6603646,1111.2305,3.0,5897.0,0
388614.23278633953,3057159.510627356,1775.8429,153.17345,18.970402,18.970402,4.0,151.62172,11.617052,668.15173,1.0,0.0,0
386564.46248926624,3073814.788482277,2203.3274,232.95631,31.49253,31.49253,3.0,237.7811,11.605837,348.27188,4.0,0.0,0
375579.7519900874,3111259.7086784826,4052.7642,125.12947,54.281403,54.281403,6.0,3.2076445,7.9435987,262.81134,6.0,135.0,1
354207.4581005761,3091994.199954131,2241.6453,139.92891,37.727383,37.727383,6.0,97.24855,13.437262,389.3798,3.0,0.0,1
382737.79289899056,3109447.3854919774,3963.0923,144.3486,54.596714,54.596714,6.0,55.70503,9.405223,817.8006,6.0,135.0,1
389546.35953960946,3068479.3312143963,1100.1833,184.14316,35.15577,35.15577,5.0,205.84634,9.198905,104.64268,2.0,0.0,0
381212.4469319255,3110593.520854257,3801.2332,117.46296,60.954556,60.954556,7.0,1.0,13.086677,1875.7261,6.0,135.0,1
356398.4317047173,3105624.0289175296,2963.2607,92.11658,48.17168,48.17168,8.0,21.92369,7.5717263,169.2297,4.0,135.0,1
363462.44681064103,3090007.038762961,2061.6094,123.11799,37.89409,37.89409,6.0,56.2035,9.456809,267.57568,3.0,0.0,1
383599.68308660516,3109238.068855504,4001.923,113.81198,56.713093,56.713093,7.0,1.0,9.225487,612.2336,6.0,135.0,1
386029.6447504037,3107409.875597013,4438.469,200.74486,25.15656,25.15656,4.0,227.0924,10.473163,2216.3887,6.0,135.0,0
390995.45497521164,3072764.7510481314,975.7011,211.7226,32.073803,32.073803,4.0,232.0,9.191187,330.9092,1.0,0.0,0
392722.94083985244,3077414.304845876,1775.3689,120.660774,38.884525,38.884525,6.0,56.596073,5.8338876,612.2336,3.0,5692.0,1
393508.6788255647,3078767.2693533944,2466.5698,106.17709,34.830734,34.830734,7.0,37.083332,8.00828,835.6308,4.0,0.0,1
380550.6268531833,3064409.643253608,1594.7354,61.312366,36.088722,36.088722,8.0,76.48289,5.8101206,1204.003,1.0,0.0,0
400717.54834468424,3087167.9265933097,2760.2825,46.923058,28.720629,28.720629,8.0,139.50703,8.1663685,1026.9265,4.0,5897.0,0
386143.2914217463,3070850.3373017525,818.5977,111.90155,26.044096,26.044096,7.0,93.66169,6.4814878,377.29456,2.0,0.0,0
388368.1709926246,3075711.814038552,1814.9023,31.917173,22.507473,22.507473,1.0,170.0733,8.400898,261.20392,4.0,0.0,0
382936.07308039116,3065312.5898259487,1515.3961,201.59828,15.851057,15.851057,4.0,216.486,10.465264,1252.0173,1.0,0.0,0
366735.6949073266,3104401.97331869,3068.8914,55.271606,41.805527,41.805527,8.0,81.19739,6.369301,881.2571,4.0,135.0,1
352829.0156094886,3095680.469182241,3004.5144,32.985455,38.42261,38.42261,1.0,155.89563,7.5533705,209.28535,4.0,0.0,0
359864.97311806853,3101970.468749917,3465.8008,97.88547,25.817812,25.817812,7.0,99.88459,6.938123,1872.3551,4.0,135.0,0
351023.60072085186,3076195.1236438253,1522.9259,58.495155,17.131525,17.131525,1.0,143.16699,6.6194024,41.044235,1.0,465.0,0
388564.62534075876,3072358.367752735,1373.2832,102.489845,50.51427,50.51427,7.0,1.0,9.204938,884.5961,2.0,0.0,1
393041.1172329304,3063305.618335115,2300.0408,249.6366,35.571068,35.571068,2.0,229.89148,7.3617077,1145.2003,3.0,0.0,0
388983.23911168147,3106064.948206869,4158.5366,120.71125,19.537186,19.537186,6.0,127.28628,10.783051,82.08847,6.0,5897.0,0
402934.60687964235,3076435.7000722107,3201.7683,185.09462,28.62038,28.62038,4.0,208.75064,9.547979,442.05997,4.0,5897.0,0
379292.70460401406,3065485.6888440778,1119.7646,213.97078,41.061787,41.061787,4.0,249.86003,9.32746,783.61176,1.0,0.0,0
393075.43098254735,3087515.5857634507,1433.2103,76.139885,32.122444,32.122444,8.0,69.291824,17.088406,41.044235,3.0,5897.0,1
355639.3271112213,3077905.9315391593,1523.9392,139.45522,16.070902,16.070902,4.0,121.48237,7.70432,273.7992,2.0,0.0,0
369646.80897792993,3091497.4886686397,1872.0922,125.99039,25.631613,25.631613,6.0,101.924995,15.778707,29.022657,3.0,0.0,0
357260.2944507266,3110588.1566097103,3794.469,139.26047,29.417303,29.417303,5.0,115.3862,8.030273,246.2654,6.0,135.0,1
388336.3026983049,3080462.9526128736,1549.0421,124.28276,41.16685,41.16685,6.0,50.147556,8.918765,641.1314,3.0,0.0,1
392696.80896938755,3077199.6009414126,1630.7969,110.60133,51.710705,51.710705,6.0,19.17262,4.666524,472.45462,3.0,5692.0,1
379494.3883806697,3075512.7924726177,1309.1393,91.17199,17.118925,17.118925,1.0,196.41357,4.911059,1073.8384,1.0,0.0,0
389555.7726197779,3084146.511461032,1318.8784,156.129,38.043896,38.043896,5.0,137.41638,9.706094,91.7777,3.0,5897.0,1
404005.27350141294,3070412.64598736,2913.0964,181.89528,59.1705,59.1705,4.0,176.42838,13.401325,104.64268,4.0,5897.0,1
395284.6808784957,3079044.896505274,2412.1697,122.871796,31.463495,31.463495,7.0,19.030994,12.776666,1148.1387,4.0,5897.0,1
384456.87653016933,3098731.497447129,3063.4065,153.27821,34.743015,34.743015,5.0,131.56625,9.102414,563.5181,4.0,135.0,0
390217.3850188047,3073209.6951594716,1150.0629,80.39787,16.417227,16.417227,8.0,100.68813,13.152368,450.5528,2.0,0.0,0
360076.6704100371,3108897.628974965,4199.0835,120.06294,25.869356,25.869356,6.0,104.534546,8.625589,1690.5542,5.0,135.0,0
394935.5386799709,3089514.075737421,1416.8799,72.530334,19.36594,19.36594,8.0,133.75098,9.093905,232.18126,3.0,5897.0,1
370450.725723221,3101973.9899677397,3131.6409,118.91705,6.6014047,6.6014047,7.0,121.82126,7.846547,1190.2828,4.0,135.0,1
398605.55705080176,3070052.5468147737,2836.1836,223.20888,32.737354,32.737354,3.0,217.95798,5.3683195,547.5984,4.0,0.0,0
370188.5720275118,3099675.206408227,2433.4233,182.12486,32.6388,32.6388,4.0,203.7449,9.7993965,261.20392,3.0,135.0,1
389919.2262243219,3075728.5183532867,1348.0028,92.906006,35.0495,35.0495,8.0,43.322582,9.439293,636.5166,3.0,5770.0,0
354659.2066166843,3097998.485823924,2427.123,63.702618,42.01863,42.01863,8.0,57.559246,7.646977,1083.5989,3.0,135.0,1
395667.69925039954,3090941.3907843116,1675.9714,94.70531,54.20693,54.20693,8.0,5.346192,8.316632,404.23886,3.0,5897.0,1
356743.66003588034,3106758.7226363886,3194.0508,98.16054,50.630592,50.630592,7.0,1.3807652,8.390942,119.66348,4.0,135.0,1
386923.596843189,3097819.441455337,3231.9543,170.03964,23.049667,23.049667,5.0,184.69872,8.725431,2004.0349,4.0,5897.0,0
356018.5684997731,3108857.1229525567,4308.4634,95.316376,38.165577,38.165577,7.0,53.142746,8.520839,986.7703,6.0,135.0,1
355696.9945513277,3075916.7446215493,934.9359,146.774,26.6185,26.6185,5.0,132.37914,4.2738633,29.022657,2.0,0.0,1
382874.06809861277,3103983.729230645,3951.0586,187.17307,44.971767,44.971767,4.0,211.64001,6.3161364,1040.3722,6.0,135.0,0
356756.73379761114,3109560.5160422144,3786.7083,50.09802,67.26086,67.26086,8.0,23.432384,5.5024433,174.13594,6.0,135.0,1
376565.0533633338,3109311.515420075,3381.8005,106.67824,1.0,0.0,5.0,104.16409,7.9025235,104.64268,6.0,135.0,0
384314.31428299064,3077447.7486405387,2424.2986,141.04259,45.45601,45.45601,6.0,80.01054,6.8919907,1973.9674,4.0,0.0,1
355564.43810083123,3088948.5140956333,1344.9362,135.37367,32.355137,32.355137,6.0,102.72342,7.522126,226.67421,1.0,0.0,0
353071.85362814023,3104109.7836601543,3246.468,143.04454,32.6905,32.6905,7.0,112.52959,8.727388,145.11328,6.0,135.0,1
402729.0194360099,3074677.1120893387,3035.6267,151.54196,41.029152,41.029152,5.0,118.759575,10.472549,1171.3798,4.0,5897.0,1
356204.3873451376,3109199.75720725,4271.164,97.7905,29.519958,29.519958,7.0,107.99567,6.3419952,725.5664,6.0,135.0,1
377376.96678558417,3102250.674844007,3165.484,19.42769,22.507473,22.507473,1.0,181.94318,7.3022857,1429.2002,4.0,135.0,0
377080.4760288483,3109589.1097660353,3665.682,176.96892,57.58189,57.58189,4.0,165.46436,9.65281,377.29456,4.0,135.0,1
